0,2,54,5,0,0,2,1,2
1,1,3,3,2,1,0,0,1
2,12,48,8,3,2,6,2,4
3,1,9,2,1,1,2,3,1
4,0,9,2,2,0,2,1,1
5,21,16,3,2,3,4,3,4
6,10,12,0,1,1,0,0,1
7,2,13,2,0,0,4,4,0
8,3,11,1,2,3,6,0,1
9,0,2,3,2,0,7,1,3
10,0,3,2,1,0,2,2,0
11,6,0,1,0,1,11,5,0
12,2,6,2,2,2,1,1,4
13,12,25,1,2,1,3,7,2
14,1,8,0,1,1,2,3,1
15,6,2,3,1,0,4,1,1
16,7,2,1,1,0,4,2,1
17,7,15,0,1,2,3,4,3
18,3,51,3,0,1,3,2,2
19,3,4,1,0,1,5,2,2
20,1,18,3,0,2,0,1,2
21,10,26,2,1,1,2,2,3
22,1,2,4,2,2,2,4,1
23,0,6,1,3,0,6,6,1
24,6,4,1,0,0,3,1,1
25,3,9,2,0,0,2,1,2
26,0,4,1,2,1,0,1,1
27,2,6,4,1,2,2,1,2
28,13,25,3,2,2,3,4,4
29,0,3,3,1,2,2,1,2
30,3,1,1,0,2,7,4,1
31,5,6,1,1,0,0,1,2
32,1,4,0,0,0,0,3,2
33,7,16,2,2,0,1,0,1
34,3,23,4,1,0,1,1,2
35,3,35,3,0,3,0,1,1
36,0,7,1,1,1,6,4,4
37,1,30,6,2,2,2,2,2
38,3,5,3,2,1,1,1,2
39,2,16,2,1,0,4,2,2
40,15,32,1,0,0,2,0,0
41,6,8,2,0,0,1,2,1
42,5,12,0,0,1,1,0,1
43,4,1,1,2,1,2,1,1
44,5,7,3,3,0,2,3,0
45,7,19,5,3,2,6,5,4
46,4,7,0,0,0,3,1,2
47,8,44,6,0,1,2,3,1
48,2,4,2,3,2,3,0,2
49,6,7,2,1,1,1,1,1
50,8,0,2,0,2,2,1,1
51,5,22,6,4,2,1,1,3
52,15,31,2,2,3,4,6,3
53,6,2,1,3,2,7,10,5
54,6,8,2,1,1,2,0,0
55,20,35,7,3,3,5,8,10
56,2,9,5,0,2,1,3,1
57,3,3,0,1,1,0,0,0
58,1,13,2,1,1,0,0,0
59,6,8,2,2,1,2,3,1
60,9,9,0,1,1,2,2,3
61,6,8,2,1,1,1,1,4
62,5,32,2,2,0,3,0,0
63,6,6,1,0,0,1,0,1
64,7,13,0,2,0,1,0,0
65,5,9,2,2,1,1,1,1
66,1,8,2,1,0,3,0,1
67,3,2,0,1,1,4,0,2
68,5,6,5,0,2,5,3,4
69,0,5,0,1,1,2,2,2
70,24,35,4,3,3,4,2,7
71,0,35,8,3,2,3,1,2
72,12,8,0,1,0,0,3,1
73,10,21,4,2,1,1,3,4
74,8,7,2,1,0,1,1,1
75,9,24,3,2,3,1,2,6
76,5,33,1,3,1,7,5,3
77,17,13,2,2,2,1,2,4
78,3,17,6,3,2,2,3,1
79,2,7,2,2,2,1,0,1
80,4,22,3,1,1,1,1,7
81,6,1,3,1,2,3,0,2
82,3,8,1,2,1,2,1,2
83,1,7,4,2,2,5,5,3
84,17,36,6,4,1,0,1,5
85,0,16,0,3,1,4,4,6
86,2,1,0,1,0,0,1,1
87,0,7,0,2,1,0,1,0
88,7,13,3,1,1,2,0,1
89,7,19,5,1,3,2,4,2
90,4,29,3,1,0,2,1,4
91,2,12,5,2,2,1,6,2
92,4,2,1,1,2,2,0,2
93,2,9,3,0,0,1,2,1
94,5,8,3,4,2,2,1,1
95,1,2,0,0,1,0,4,0
96,4,6,1,0,1,0,1,2
97,0,2,0,1,1,3,2,0
98,7,10,0,1,1,4,3,1
99,12,4,0,0,2,3,1,2
100,4,0,0,2,1,2,2,2
101,3,2,2,3,4,2,3,2
102,11,14,1,2,1,0,1,1
103,2,5,1,1,0,1,3,4
104,1,3,2,1,0,1,3,5
105,9,8,1,2,0,1,3,3
106,2,17,4,1,4,5,5,2
107,1,6,2,3,0,0,1,2
108,1,3,0,2,2,5,0,3
109,3,3,2,1,1,1,0,0
110,3,1,1,0,0,1,1,0
111,3,1,0,1,0,1,1,3
112,8,32,3,4,2,0,3,2
113,4,11,11,4,0,4,4,3
114,4,1,7,2,1,4,4,1
115,3,16,3,1,2,1,3,2
116,1,10,3,0,3,1,0,0
117,0,2,2,0,2,2,3,0
118,2,2,10,0,1,2,1,3
119,7,20,25,3,1,4,1,0
120,3,4,0,1,1,7,6,2
121,2,0,2,1,0,5,3,0
122,4,17,1,1,4,29,18,4
123,0,8,12,0,4,26,9,1
124,2,1,12,1,1,2,6,0
125,2,12,2,0,1,12,9,3
126,7,12,1,0,0,5,2,1
127,2,2,4,2,2,10,3,1
128,3,8,0,0,2,3,2,1
129,8,4,5,3,3,2,1,5
130,3,5,9,3,2,3,4,1
131,5,31,2,3,1,2,1,4
132,7,14,6,2,0,1,1,1
133,3,1,9,2,1,9,2,6
134,1,10,9,6,5,12,1,23
135,6,1,0,1,0,11,10,6
136,2,8,1,1,0,1,4,3
137,9,8,2,3,1,2,0,3
138,4,2,3,1,1,1,6,1
139,4,12,0,3,2,1,3,1
140,4,3,7,8,9,5,2,5
141,15,7,5,14,2,3,3,3
142,10,15,10,20,11,3,2,2
143,6,24,6,16,9,11,2,7
144,1,13,6,3,0,10,2,5
145,2,19,5,4,7,6,0,2
146,4,11,5,15,9,5,3,4
147,2,11,11,6,1,3,0,5
148,3,1,2,2,1,6,7,0
149,5,0,2,5,2,6,8,7
150,2,23,11,6,4,6,6,5
151,10,1,1,1,0,3,0,1
152,10,8,4,3,0,0,2,1
153,5,1,9,6,4,3,2,9
154,0,22,23,1,2,2,3,5
155,1,56,9,0,2,1,2,0
156,4,26,22,7,2,0,4,7
157,1,48,8,5,0,5,4,6
158,5,8,9,2,1,1,1,2
159,6,8,2,13,9,5,4,2
160,2,6,2,3,1,1,1,3
161,3,11,5,2,1,4,4,1
162,4,2,9,4,0,1,2,2
163,7,22,22,4,3,1,2,6
164,2,14,20,1,1,0,1,2
165,1,20,23,5,1,3,1,3
166,1,10,14,4,0,2,3,1
167,1,18,5,2,2,2,1,0
168,5,14,6,1,0,2,4,3
169,1,11,9,1,1,6,2,1
170,4,5,12,6,4,10,10,3
171,7,14,7,2,0,1,0,1
172,5,6,3,0,0,0,0,1
173,5,3,11,1,0,2,1,0
174,7,1,13,0,2,1,0,1
175,1,16,3,4,3,1,1,1
176,1,3,7,0,0,0,3,2
177,6,3,3,1,1,6,2,1
178,2,16,2,1,1,1,3,2
179,2,6,3,3,3,3,1,10
180,1,4,0,1,0,4,1,17
181,1,13,2,1,3,7,5,1
182,16,17,16,5,2,1,1,5
183,2,2,15,1,0,1,2,1
184,3,4,2,0,3,3,1,2
185,2,7,18,4,1,0,0,4
186,5,9,8,1,0,1,0,1
187,2,8,4,1,0,1,2,4
188,2,9,14,7,5,5,2,1
189,4,11,13,5,3,1,1,0
190,2,5,3,0,2,2,3,0
191,4,4,19,6,0,3,2,1
192,1,2,28,2,1,4,2,0
193,7,2,1,2,1,2,2,1
194,3,2,12,0,1,2,0,2
195,2,11,32,4,2,4,3,5
196,1,8,8,3,1,5,5,5
197,2,4,8,1,2,3,6,2
198,2,5,1,4,1,1,1,1
199,0,3,2,2,1,1,3,4
200,8,9,9,4,0,1,1,0
201,3,9,1,2,3,2,1,2
202,2,4,5,0,4,3,3,1
203,0,7,0,4,1,2,3,0
204,2,2,3,3,3,4,6,3
205,2,10,9,5,1,0,0,2
206,1,0,22,3,0,1,0,1
207,2,9,10,4,1,1,1,1
208,3,2,2,4,1,0,2,3
209,5,1,13,2,3,3,1,1
210,2,4,17,8,2,1,1,2
211,5,9,13,5,4,3,2,4
212,1,4,23,0,2,2,1,1
213,1,5,11,5,2,1,0,1
214,8,6,11,3,2,1,1,4
215,0,2,3,3,1,2,1,2
216,5,10,8,2,0,1,1,2
217,1,6,23,4,0,1,2,0
218,4,1,16,2,0,3,3,3
219,9,19,34,4,4,9,11,5
220,3,4,12,1,1,2,0,0
221,2,5,6,4,0,1,1,1
222,1,4,3,2,3,2,3,1
223,2,0,10,1,3,1,0,1
224,1,10,8,7,6,4,1,2
225,6,6,6,1,0,2,2,3
226,4,7,6,3,2,2,1,1
227,2,5,3,2,0,1,0,0
228,2,3,28,3,2,1,2,2
229,5,8,15,2,2,2,1,0
230,4,3,11,1,0,2,2,1
231,6,10,14,3,1,2,1,1
232,1,4,7,1,1,1,3,0
233,4,11,8,0,1,0,1,0
234,6,0,10,6,2,3,4,5
235,5,9,12,2,1,2,0,0
236,1,5,21,5,2,0,1,1
237,4,9,17,8,1,1,0,2
238,6,6,13,2,1,2,1,1
239,2,1,11,2,1,3,0,0
240,1,4,10,0,5,4,1,2
241,1,4,14,1,1,2,1,2
242,4,9,37,5,1,3,1,2
243,3,5,2,2,1,0,1,3
244,9,5,22,6,2,0,0,1
245,3,5,3,2,3,5,4,1
246,3,7,5,2,1,2,1,2
247,6,12,2,6,1,3,3,3
248,4,12,4,3,3,3,1,6
249,6,4,14,3,1,1,3,2
250,2,4,8,1,0,1,1,0
251,1,0,8,2,1,0,1,2
252,0,2,12,2,3,1,0,3
253,1,4,11,5,2,0,1,2
254,10,3,8,15,7,2,2,1
255,2,5,1,2,2,3,1,1
256,4,3,15,7,3,0,1,1
257,4,8,12,2,0,0,1,4
258,1,15,5,6,0,3,4,2
259,2,4,11,6,3,4,3,2
260,2,6,12,4,0,0,1,1
261,0,3,9,1,1,1,2,1
262,3,10,49,6,1,3,1,3
263,4,12,26,8,4,2,1,2
264,1,2,15,1,1,2,3,0
265,1,1,22,4,2,1,0,1
266,7,1,22,2,2,0,1,2
267,1,1,3,3,0,1,1,0
268,1,1,23,1,0,1,0,4
269,6,8,9,2,3,3,4,6
270,1,2,44,1,0,1,0,1
271,7,14,33,13,1,1,2,2
272,3,5,6,7,5,3,0,2
273,2,4,7,0,2,2,1,1
274,5,1,2,2,0,2,1,1
275,1,3,2,8,4,0,0,4
276,3,2,33,0,1,2,2,2
277,1,1,27,9,2,2,3,1
278,1,4,1,0,3,2,1,1
279,0,11,9,0,1,0,1,1
280,2,5,15,2,1,1,3,3
281,1,7,8,2,5,4,3,1
282,5,6,7,3,2,2,1,1
283,1,6,11,1,1,3,3,3
284,8,6,9,2,0,2,2,2
285,9,3,1,2,1,1,1,3
286,2,2,40,8,1,5,3,1
287,5,3,17,3,5,3,1,5
288,6,3,1,0,1,0,0,2
289,4,7,26,7,0,4,0,1
290,4,6,0,6,3,1,0,1
291,1,2,4,1,0,1,0,1
292,1,2,21,3,3,3,3,0
293,4,10,24,3,0,0,0,0
294,1,6,1,8,4,2,3,3
295,5,4,20,8,2,1,1,5
296,10,11,5,2,1,0,2,5
297,5,6,3,3,4,3,3,2
298,2,8,18,3,0,1,1,0
299,4,2,15,4,2,2,1,8
300,1,1,2,1,1,3,0,23
301,1,9,12,5,2,0,5,22
302,3,5,8,2,0,0,2,5
303,4,4,9,5,2,0,2,3
304,2,3,18,5,3,2,0,2
305,5,3,45,3,1,1,0,5
306,2,2,8,2,1,1,1,9
307,3,10,47,1,0,2,1,15
308,3,3,26,4,3,1,1,2
309,4,2,17,8,3,2,1,3
310,3,17,23,7,2,3,2,4
311,8,4,46,12,0,0,0,4
312,1,17,59,1,1,1,0,0
313,17,21,94,37,9,6,2,14
314,3,7,1,2,4,4,5,11
315,3,10,0,5,2,2,2,1
316,1,13,59,13,1,1,0,8
317,7,1,20,9,6,4,3,16
318,0,4,19,11,2,1,0,1
319,5,3,4,5,1,2,1,6
320,3,2,11,3,1,1,1,5
321,8,8,14,3,4,2,3,0
322,6,5,25,0,1,1,1,5
323,0,5,12,7,2,0,1,10
324,1,8,1,12,5,3,3,5
325,7,4,26,2,3,2,0,4
326,2,12,27,1,1,0,1,1
327,3,9,5,7,3,1,1,4
328,4,10,15,3,2,2,3,7
329,0,13,73,2,3,2,3,0
330,6,15,44,13,7,2,2,6
331,2,3,2,10,2,1,2,2
332,3,3,2,4,2,1,2,2
333,2,5,28,2,0,1,1,0
334,2,12,58,11,1,1,0,3
335,7,20,62,16,4,0,2,3
336,4,7,2,7,4,4,3,1
337,7,12,10,4,0,2,0,1
338,2,6,27,2,2,2,1,5
339,1,11,11,2,3,1,2,1
340,4,4,15,2,0,0,1,0
341,4,4,44,14,2,4,3,5
342,3,6,36,9,4,0,0,4
343,1,3,32,10,3,3,2,5
344,4,3,34,0,1,1,2,9
345,5,1,4,2,0,2,1,12
346,2,1,13,0,0,1,1,2
347,1,4,11,4,3,2,2,9
348,5,4,51,8,1,2,3,25
349,1,5,18,6,4,2,1,11
350,4,22,23,18,5,3,4,3
351,1,6,18,5,3,1,2,2
352,1,0,27,12,5,3,1,4
353,2,2,9,9,3,2,2,12
354,8,9,12,5,3,2,2,28
355,4,4,9,7,5,5,5,6
356,6,3,0,9,5,3,2,7
357,4,18,4,9,3,2,2,1
358,5,1,3,3,2,3,2,8
359,2,1,8,7,3,4,2,1
360,6,6,20,15,3,1,0,3
361,6,6,52,12,7,4,4,4
362,1,3,5,1,2,1,1,2
363,5,12,69,8,4,3,2,5
364,2,12,6,2,1,2,1,8
365,5,4,1,6,2,3,0,6
366,1,6,2,9,2,2,2,2
367,6,5,36,12,5,2,1,3
368,0,7,48,10,4,3,1,2
369,2,23,118,13,1,0,0,8
370,2,11,10,14,3,3,0,18
371,5,7,66,6,4,4,2,1
372,3,6,44,9,2,1,0,4
373,4,11,19,4,2,1,1,3
374,5,6,9,1,1,2,1,10
375,2,3,1,4,2,0,1,4
376,4,1,19,0,1,2,2,4
377,1,3,18,8,4,0,3,13
378,4,6,13,3,3,3,2,7
379,8,18,58,4,1,1,1,3
380,3,1,12,2,2,0,1,2
381,11,18,40,19,6,3,4,6
382,1,6,43,17,4,4,3,7
383,2,9,10,1,0,0,2,0
384,0,0,8,5,5,2,3,2
385,3,1,17,7,0,1,2,3
386,2,9,27,11,3,5,4,8
387,0,12,32,7,3,2,2,1
388,1,4,51,13,2,1,2,2
389,2,19,109,25,5,1,0,3
390,0,8,27,7,0,0,1,1
391,0,11,36,6,0,1,1,0
392,8,18,6,8,7,4,4,2
393,1,18,39,6,1,1,4,7
394,5,6,1,11,3,1,2,0
395,4,6,40,14,3,1,2,8
396,5,9,17,11,2,4,3,15
397,8,2,33,5,6,2,2,13
398,4,10,8,6,5,5,1,13
399,7,5,52,1,2,1,3,6
400,9,8,43,6,4,2,2,11
401,5,2,3,20,11,7,4,5
402,0,8,1,1,0,0,0,3
403,5,9,43,2,3,2,2,3
404,3,3,31,1,5,3,3,0
405,5,2,4,17,9,4,4,2
406,2,12,30,26,10,8,3,3
407,5,6,13,8,2,1,2,1
408,0,0,16,1,3,1,1,2
409,1,3,13,8,7,4,1,3
410,1,6,23,7,8,5,3,3
411,1,0,4,0,3,3,3,2
412,0,1,31,5,2,1,0,0
413,7,16,59,20,3,1,2,2
414,5,6,39,4,1,0,1,0
415,10,12,26,6,1,2,2,6
416,2,4,31,8,8,3,0,4
417,4,5,19,6,0,4,4,8
418,5,5,40,5,3,1,1,1
419,3,5,4,8,8,6,3,2
420,5,20,37,3,1,3,0,3
421,2,9,34,12,4,1,1,3
422,2,6,1,4,2,2,1,0
423,1,10,35,14,4,2,0,0
424,7,18,20,12,2,2,0,4
425,2,9,62,6,3,2,0,3
426,1,3,24,4,4,2,3,1
427,2,4,48,0,3,3,2,2
428,3,2,1,4,1,2,1,1
429,6,4,28,15,2,1,0,1
430,16,23,57,28,8,5,4,10
431,8,4,17,10,2,2,1,4
432,4,9,66,12,4,4,3,1
433,6,18,28,0,3,4,1,0
434,1,1,23,3,1,2,0,2
435,8,18,23,1,1,1,4,4
436,5,4,14,13,0,0,2,2
437,0,17,98,7,1,1,0,2
438,2,7,33,2,5,5,2,3
439,5,24,42,7,2,1,1,6
440,6,16,54,13,4,3,3,1
441,1,11,44,1,1,0,1,0
442,7,1,40,23,13,7,6,2
443,5,7,6,1,0,2,2,3
444,2,10,31,6,0,0,0,0
445,2,1,19,5,0,2,2,2
446,3,12,62,10,4,2,4,6
447,5,7,24,9,5,3,2,2
448,3,5,5,8,6,3,1,1
449,16,35,36,36,12,8,6,6
450,3,23,39,3,1,2,1,0
451,10,10,112,21,8,4,2,4
452,12,14,56,25,12,7,5,6
453,2,16,17,8,2,1,0,5
454,2,6,32,2,5,0,0,7
455,9,8,25,22,12,5,5,10
456,8,15,51,17,10,2,2,8
457,1,2,39,1,0,2,1,1
458,5,1,1,15,4,3,2,0
459,9,15,48,33,8,4,4,1
460,1,4,75,22,0,2,3,1
461,0,12,45,21,2,3,2,2
462,7,12,51,9,2,4,3,2
463,3,17,108,26,3,1,0,1
464,6,38,113,27,7,1,1,3
465,6,5,24,17,5,4,3,2
466,5,13,74,30,4,1,1,1
467,9,13,31,20,7,5,4,6
468,5,8,14,6,2,4,2,3
469,6,3,7,22,6,2,3,3
470,2,17,34,9,4,1,1,2
471,9,27,109,46,10,4,4,4
472,6,13,21,17,4,2,3,4
473,3,1,47,7,3,3,1,3
474,5,18,46,9,4,3,4,5
475,3,1,27,10,2,3,3,1
476,4,2,20,2,2,2,3,3
477,7,12,49,13,8,4,5,2
478,11,34,54,4,3,1,1,4
479,10,23,38,29,9,6,4,4
480,0,14,88,3,6,6,3,4
481,3,3,38,14,6,6,3,2
482,4,3,50,7,1,1,1,3
483,4,4,3,4,4,4,3,2
484,1,19,61,24,0,1,4,2
485,2,11,16,2,4,3,1,0
486,7,9,6,0,0,2,2,3
487,4,3,57,31,4,1,1,0
488,3,3,45,35,1,0,1,3
489,6,14,33,15,4,4,3,0
490,3,1,11,7,5,4,2,1
491,10,2,1,18,4,1,3,3
492,2,5,55,14,2,2,2,5
493,3,2,79,10,3,0,2,0
494,2,8,49,22,0,3,2,1
495,2,7,39,8,3,0,0,1
496,8,10,51,2,6,6,1,3
497,2,0,30,1,1,0,0,1
498,6,15,112,27,8,5,4,3
499,0,27,72,27,0,1,2,2
500,4,5,29,3,6,7,6,4
501,4,1,6,6,1,1,1,1
502,1,0,8,4,2,1,0,6
503,8,10,18,5,4,2,4,4
504,3,31,49,8,1,2,2,3
505,1,13,74,10,8,6,7,3
506,9,17,78,19,2,0,1,4
507,7,0,1,10,3,3,3,1
508,10,40,28,4,2,3,1,4
509,1,15,101,17,1,2,1,1
510,8,17,32,7,1,2,3,3
511,6,16,1,9,2,0,2,2
512,2,10,23,1,1,2,0,2
513,2,9,36,5,1,1,1,4
514,1,19,43,10,2,0,1,2
515,13,17,20,30,7,5,3,8
516,3,17,67,14,1,0,1,2
517,8,34,95,33,4,3,3,3
518,0,9,16,23,3,0,1,0
519,4,18,77,58,12,6,6,5
520,9,11,32,3,0,0,0,2
521,7,14,23,13,3,2,3,0
522,2,11,30,13,2,2,0,1
523,4,3,24,1,3,1,2,4
524,5,10,42,17,7,3,4,4
525,1,0,65,23,6,2,1,3
526,4,3,46,8,2,1,1,1
527,11,33,86,48,13,6,3,1
528,4,11,6,24,19,12,8,3
529,5,9,44,30,7,3,5,4
530,6,6,34,12,1,4,4,6
531,6,7,38,24,8,4,2,2
532,9,11,11,15,2,1,1,2
533,3,13,41,8,4,2,0,2
534,4,1,16,32,11,4,4,2
535,29,28,19,9,20,14,10,12
536,7,4,60,16,1,3,1,4
537,4,16,35,16,10,1,1,2
538,9,0,22,8,3,4,1,3
539,2,8,34,8,12,9,7,3
540,2,9,56,12,5,4,2,5
541,12,10,27,14,1,1,5,5
542,4,14,35,12,6,4,3,2
543,1,1,5,9,7,2,3,1
544,2,14,34,9,2,0,2,1
545,0,14,16,2,11,7,4,0
546,2,7,17,2,5,4,3,1
547,3,1,65,22,10,5,0,0
548,2,9,16,21,7,4,3,4
549,10,14,64,4,6,5,4,4
550,14,7,4,7,3,0,2,5
551,10,4,44,3,0,4,1,2
552,3,9,11,1,3,1,2,1
553,5,20,10,7,7,3,1,0
554,3,6,12,10,8,4,3,3
555,2,2,46,10,5,0,2,1
556,18,43,47,9,3,1,4,5
557,4,6,14,10,11,4,1,2
558,2,11,13,10,5,1,1,1
559,14,41,63,32,6,1,2,2
560,23,33,71,36,9,9,7,10
561,4,10,4,14,1,4,0,0
562,3,9,7,8,12,6,5,3
563,5,7,16,2,3,3,2,2
564,11,17,38,18,3,1,3,7
565,1,12,63,17,2,3,3,3
566,19,2,6,8,3,2,1,6
567,1,2,44,21,6,4,1,2
568,9,16,117,22,5,3,2,5
569,5,23,128,46,12,7,4,4
570,16,21,2,18,10,9,7,7
571,5,10,0,14,5,2,2,5
572,7,16,55,21,2,4,6,15
573,3,2,10,18,5,1,1,5
574,3,1,1,7,5,2,2,2
575,15,34,35,25,8,4,5,5
576,6,11,31,4,1,0,0,4
577,0,7,44,14,3,3,1,2
578,6,2,27,12,2,1,0,0
579,3,28,89,14,4,2,2,5
580,1,9,60,19,2,0,1,1
581,11,33,48,3,5,6,5,8
582,3,3,26,16,9,6,0,4
583,8,2,2,10,13,8,9,10
584,14,24,8,1,4,2,2,5
585,7,17,41,7,0,0,0,3
586,6,10,46,13,4,2,3,2
587,1,13,28,5,4,1,1,2
588,3,9,1,1,2,1,1,2
589,2,2,21,5,7,3,4,0
590,2,3,23,1,3,4,1,2
591,6,1,86,19,10,6,2,2
592,0,2,66,8,6,3,2,2
593,9,0,105,14,6,6,3,3
594,8,25,47,12,3,0,1,4
595,19,1,41,14,4,6,3,3
596,26,24,5,11,19,14,12,14
597,9,5,20,1,8,7,4,5
598,4,10,8,4,3,2,1,4
599,3,1,13,9,6,3,4,5
600,2,6,16,13,4,0,0,0
601,1,0,15,31,4,2,2,4
602,9,9,22,10,4,2,2,5
603,1,8,55,15,6,3,1,1
604,9,34,96,29,12,4,3,2
605,9,18,46,2,5,0,2,3
606,1,0,67,30,13,9,5,3
607,6,5,5,11,0,0,0,3
608,11,1,34,8,1,2,2,5
609,3,10,59,32,6,1,1,3
610,28,37,44,50,30,21,16,17
611,13,17,22,8,7,3,2,4
612,14,11,32,23,3,1,0,0
613,9,33,100,30,4,0,2,1
614,22,39,16,8,5,4,3,6
615,1,7,35,12,9,1,0,1
616,2,0,16,2,7,5,2,0
617,3,16,24,12,1,4,2,5
618,1,11,62,23,13,4,2,18
619,15,30,39,42,12,10,7,10
620,6,16,1,19,3,3,2,2
621,6,9,30,27,3,4,3,1
622,19,7,36,1,3,5,6,10
623,3,14,11,2,4,7,5,5
624,4,11,40,36,3,2,2,0
625,6,11,24,22,13,7,5,8
626,6,23,71,22,3,1,1,2
627,6,13,72,16,0,1,2,2
628,13,19,48,9,4,6,4,5
629,1,7,23,13,3,0,2,1
630,1,17,59,24,7,7,5,6
631,3,41,78,27,11,7,4,0
632,8,20,85,47,4,1,2,1
633,11,10,20,21,16,11,7,8
634,5,11,39,13,6,1,0,2
635,1,3,21,14,9,2,0,1
636,3,5,16,5,12,8,4,2
637,11,12,26,3,6,3,0,1
638,0,5,6,5,0,1,0,3
639,0,34,36,21,6,5,4,1
640,1,14,10,13,9,2,1,1
641,4,8,12,8,3,1,1,2
642,14,8,5,20,5,2,3,5
643,6,5,22,11,3,4,5,2
644,11,0,65,3,12,11,6,7
645,18,43,38,34,11,5,4,4
646,10,23,31,21,1,1,1,5
647,2,7,5,3,5,2,2,2
648,5,4,25,15,4,2,1,2
649,7,3,14,43,11,4,3,3
650,9,2,13,11,11,8,6,4
651,3,2,30,8,2,3,4,2
652,10,10,73,38,5,3,5,5
653,17,14,21,29,10,5,5,4
654,3,12,31,21,7,2,2,3
655,0,1,23,24,3,1,0,1
656,5,11,10,7,3,0,0,2
657,0,9,16,23,10,4,3,2
658,2,5,9,22,3,2,1,2
659,3,7,38,13,6,0,1,3
660,7,16,15,17,14,7,5,2
661,2,20,30,14,6,0,1,0
662,3,0,21,7,1,3,3,3
663,5,14,23,22,6,4,0,1
664,1,6,11,7,3,2,1,1
665,1,1,15,7,3,3,1,1
666,3,9,31,8,2,0,0,1
667,1,6,3,4,4,4,4,2
668,1,6,62,6,1,1,3,5
669,0,7,10,7,4,2,1,2
670,0,5,2,9,8,7,5,1
671,13,21,51,38,18,11,8,8
672,2,14,57,8,6,3,3,2
673,3,2,14,6,1,1,1,1
674,7,10,11,6,6,3,4,4
675,2,5,14,11,4,2,2,1
676,7,3,17,5,4,1,2,2
677,3,9,43,10,2,3,1,0
678,3,4,21,3,1,1,1,2
679,3,3,43,8,3,1,1,2
680,2,1,53,14,8,3,1,3
681,1,2,28,6,5,1,2,3
682,6,5,9,4,7,5,3,3
683,1,9,4,3,0,2,0,1
684,5,8,1,3,1,2,0,2
685,8,18,12,9,7,6,2,4
686,8,9,11,15,13,7,2,3
687,9,6,30,4,6,9,6,6
688,1,15,19,6,2,2,3,3
689,4,1,30,8,3,1,0,0
690,4,5,10,9,6,5,2,2
691,8,25,71,30,9,5,3,3
692,6,4,10,20,6,3,4,1
693,1,2,34,2,1,2,3,1
694,2,2,37,15,0,1,1,1
695,8,5,44,1,4,2,2,3
696,0,8,14,8,7,7,3,4
697,9,12,18,6,1,0,0,2
698,7,13,4,15,8,6,5,3
699,4,14,16,5,2,4,2,2
700,3,13,10,7,3,2,1,2
701,4,10,14,11,3,2,2,3
702,0,6,1,3,2,0,1,1
703,13,7,33,9,5,2,3,6
704,6,7,4,0,1,1,1,2
705,6,1,13,12,5,1,2,1
706,4,9,24,6,6,4,3,2
707,4,0,23,0,2,3,0,0
708,6,12,8,8,3,2,0,0
709,10,2,11,5,7,0,0,3
710,1,10,17,9,2,1,1,0
711,5,9,19,12,3,1,2,1
712,6,4,17,8,0,2,1,2
713,1,1,22,2,1,3,0,1
714,8,15,11,1,5,3,2,1
715,1,5,5,6,2,1,1,1
716,3,9,48,11,7,6,5,4
717,3,9,25,13,5,4,2,0
718,1,10,28,4,2,1,0,2
719,0,10,18,9,4,1,3,1
720,0,11,17,1,1,1,0,0
721,5,7,26,10,0,0,0,1
722,7,3,39,18,7,4,2,3
723,7,1,24,3,3,2,1,2
724,0,14,24,3,2,1,1,1
725,2,1,9,1,1,1,2,3
726,2,2,49,7,1,2,1,2
727,1,1,22,1,0,0,1,1
728,4,9,8,4,1,2,1,0
729,1,1,3,0,2,2,1,1
730,2,5,19,5,2,1,2,0
731,11,6,13,7,0,2,0,0
732,0,1,0,6,4,1,1,1
733,1,1,14,1,4,5,3,0
734,2,15,56,3,0,3,1,1
735,9,1,18,7,7,6,1,2
736,4,0,9,0,2,4,2,3
737,2,4,2,9,4,1,7,11
738,5,2,31,5,3,3,0,8
739,8,6,9,3,3,9,8,4
740,2,2,18,7,5,11,11,18
741,7,1,32,14,5,2,1,27
742,1,15,6,0,4,2,1,13
743,10,10,9,9,2,8,5,4
744,5,2,8,4,3,4,6,16
745,8,2,6,3,1,2,2,19
746,1,0,1,5,3,4,1,2
747,5,6,3,10,8,3,0,3
748,2,6,13,8,2,1,1,1
749,5,14,43,4,1,1,2,3
750,6,7,36,7,3,2,5,5
751,8,12,21,7,0,0,1,5
752,5,2,14,6,1,9,10,11
753,3,8,1,10,3,0,2,1
754,4,3,5,1,3,5,4,12
755,2,2,5,2,1,4,3,5
756,5,10,20,5,3,4,4,6
757,3,3,11,1,2,3,4,2
758,19,15,14,14,8,6,3,10
759,4,8,4,2,2,1,0,2
760,4,7,15,10,2,1,1,3
761,7,3,36,5,4,3,3,3
762,4,10,8,5,6,4,3,2
763,1,6,8,2,3,5,4,2
764,6,6,13,13,4,3,3,3
765,3,5,9,2,3,3,1,3
766,4,6,3,11,3,3,2,6
767,2,7,5,2,1,2,4,24
768,7,12,11,3,2,1,4,1
769,1,15,7,1,1,0,1,7
770,8,10,0,4,2,4,8,25
771,1,5,4,9,8,6,3,14
772,0,4,2,0,0,0,2,0
773,2,2,8,6,3,2,2,6
774,2,3,12,1,1,2,1,3
775,1,2,5,2,0,2,2,1
776,10,2,31,4,4,1,3,2
777,12,14,31,17,5,3,2,1
778,3,2,12,7,1,1,1,8
779,3,1,10,3,1,1,1,5
780,5,7,7,1,1,5,0,14
781,1,10,15,14,5,1,2,3
782,2,2,9,7,6,6,3,2
783,5,10,1,1,2,1,1,11
784,3,8,7,4,1,2,1,7
785,11,1,4,4,6,4,5,5
786,5,6,4,5,2,3,4,7
787,11,10,1,5,1,1,0,2
788,8,6,15,3,1,1,1,4
789,11,7,26,8,1,3,3,11
790,10,18,10,7,3,6,3,11
791,3,5,27,2,3,12,1,7
792,8,8,56,10,4,8,12,12
793,0,9,9,3,5,3,3,1
794,7,1,4,2,2,2,2,0
795,2,9,18,7,2,6,0,2
796,1,2,5,7,1,1,1,3
797,13,0,9,7,1,1,2,6
798,4,11,36,17,3,2,1,2
799,6,2,4,3,1,0,1,6
800,4,9,4,3,3,0,0,7
801,4,0,40,1,0,1,3,2
802,5,0,8,5,0,7,4,1
803,4,2,11,5,1,1,3,1
804,4,3,13,3,2,4,2,4
805,0,7,2,4,3,0,3,4
806,1,1,12,0,2,5,1,0
807,4,3,9,3,2,2,1,9
808,1,0,9,6,1,8,3,7
809,18,11,13,3,1,5,3,5
810,3,0,5,2,4,4,6,7
811,3,4,4,3,0,6,8,11
812,1,2,9,5,0,0,1,5
813,10,6,3,8,5,2,0,4
814,5,8,11,2,2,2,1,1
815,3,6,3,1,2,1,3,8
816,15,22,37,5,2,2,4,2
817,11,3,29,3,6,4,3,2
818,1,7,8,3,2,1,0,3
819,1,1,1,1,3,8,1,3
820,12,23,13,6,3,4,2,4
821,17,18,33,10,0,1,0,5
822,1,9,2,1,3,2,1,1
823,2,7,1,0,1,1,0,8
824,4,9,0,2,1,4,3,4
825,5,5,3,3,2,2,1,3
826,4,0,4,0,0,1,1,3
827,3,12,1,1,0,3,1,3
828,7,2,1,8,5,5,4,8
829,5,12,5,5,5,11,10,14
830,4,10,24,5,2,0,1,2
831,2,16,61,11,5,3,4,2
832,2,2,18,1,3,3,5,1
833,9,6,6,2,3,2,4,7
834,3,6,0,4,0,1,1,5
835,0,12,17,4,1,1,2,2
836,2,7,12,0,0,1,0,3
837,2,10,5,2,0,3,3,0
838,1,1,0,4,2,3,3,3
839,5,6,0,2,2,1,2,7
840,2,7,6,2,2,1,3,8
841,8,3,15,3,1,2,2,0
842,2,4,10,2,0,2,2,1
843,6,8,4,2,1,1,1,1
844,5,3,0,0,1,6,4,3
845,15,15,4,5,5,5,12,16
846,5,6,9,0,1,3,1,9
847,4,1,6,2,1,1,0,4
848,2,1,12,3,2,5,2,5
849,8,6,37,10,4,2,3,6
850,2,1,6,1,1,4,2,0
851,4,1,10,1,2,4,9,15
852,2,27,20,10,4,4,8,20
853,13,13,13,11,6,5,4,3
854,7,5,11,3,1,0,3,2
855,8,16,14,7,7,7,11,7
856,4,3,10,0,2,3,4,2
857,1,6,19,2,4,3,5,0
858,16,10,4,1,0,2,2,0
859,11,16,12,10,8,6,5,8
860,5,4,17,7,3,8,7,5
861,8,15,13,4,3,2,1,4
862,1,11,5,2,2,3,1,4
863,5,22,3,1,2,2,4,4
864,1,5,9,3,0,1,2,2
865,6,0,1,1,1,0,5,2
866,0,2,2,0,2,5,1,2
867,10,5,3,1,2,6,3,3
868,5,6,7,2,1,0,2,3
869,2,15,12,4,2,2,1,2
870,3,20,8,0,1,1,3,2
871,3,9,3,2,4,1,1,1
872,0,2,2,0,1,3,1,4
873,4,13,6,1,1,1,0,3
874,4,52,5,2,2,0,0,2
875,2,4,1,0,2,1,1,3
876,2,12,5,2,2,2,10,5
877,1,3,8,4,0,1,3,3
878,3,16,4,3,2,0,3,10
879,6,5,5,5,4,6,5,11
880,0,10,8,2,1,1,4,2
881,2,9,1,0,1,2,1,2
882,1,4,1,3,2,1,1,0
883,4,7,5,4,3,4,2,3
884,4,0,4,2,1,0,1,1
885,0,13,6,0,1,6,2,3
886,3,11,4,1,5,2,5,6
887,1,0,4,2,0,4,1,1
888,7,3,7,4,2,1,2,5
889,1,3,2,2,2,0,4,1
890,6,9,1,0,0,1,1,6
891,7,21,5,2,1,3,4,8
892,0,16,3,0,3,4,5,1
893,9,6,2,0,2,2,1,3
894,19,18,7,4,4,2,0,5
895,2,5,1,1,0,4,1,2
896,3,1,1,0,0,2,8,7
897,4,7,2,0,1,0,1,14
898,3,7,11,4,2,4,3,25
899,7,3,2,2,1,4,2,8
900,0,2,1,0,0,0,1,2
901,3,4,1,2,2,6,1,10
902,2,0,3,1,1,1,3,4
903,4,6,0,1,1,2,0,19
904,6,6,4,3,2,1,4,26
905,6,2,4,5,2,2,9,7
906,3,4,1,1,1,9,8,18
907,2,5,3,3,2,7,2,2
908,15,18,4,2,2,1,3,5
909,10,27,1,1,0,0,0,0
910,4,5,1,0,2,1,1,7
911,5,34,7,2,3,2,2,3
912,2,5,3,2,2,1,5,5
913,0,19,7,2,1,0,0,6
914,6,0,1,1,0,1,2,4
915,5,1,4,2,3,3,0,7
916,5,3,2,3,3,5,1,10
917,4,3,3,3,2,1,3,9
918,6,2,1,1,1,2,2,8
919,2,5,2,1,2,0,3,2
920,1,3,0,0,2,3,0,11
921,7,12,6,4,2,4,3,8
922,7,8,3,3,3,9,5,2
923,4,13,3,0,0,1,0,6
924,5,0,2,2,0,4,2,13
925,3,14,4,2,1,1,1,8
926,11,19,3,1,1,3,4,31
927,3,1,2,2,0,1,4,11
928,15,31,6,2,2,3,3,4
929,0,8,2,1,1,5,4,15
930,4,11,3,2,2,1,2,17
931,7,2,1,1,1,0,3,3
932,10,3,1,0,2,3,1,15
933,4,4,1,0,0,3,1,1
934,8,0,0,4,4,1,6,24
935,8,13,2,2,3,4,11,16
936,9,5,1,1,1,2,3,5
937,2,1,3,0,2,2,0,13
938,3,6,3,1,0,0,2,12
939,3,1,1,1,1,1,14,9
940,2,0,1,2,3,1,1,22
941,5,4,0,2,1,5,2,29
942,1,10,4,0,1,2,6,4
943,2,3,0,1,0,5,10,14
944,5,9,0,1,3,11,11,8
945,5,3,2,3,2,1,5,1
946,8,3,0,0,1,3,3,0
947,22,22,2,3,1,4,2,21
948,9,7,3,0,2,2,8,9
949,13,2,3,5,4,7,11,14
950,4,7,2,1,1,3,5,8
951,14,5,3,1,1,1,16,21
952,3,5,2,0,1,2,5,23
953,3,10,1,1,2,2,4,21
954,18,1,3,3,2,1,4,6
955,7,3,0,2,4,5,13,4
956,15,1,4,2,1,7,4,5
957,1,5,2,1,0,1,4,4
958,4,18,2,0,1,1,2,10
959,15,5,2,0,1,4,10,10
960,4,0,2,3,2,6,4,18
961,10,2,1,1,0,2,4,13
962,15,25,5,3,2,10,12,5
963,0,2,2,2,3,13,9,11
964,15,2,4,1,0,4,7,1
965,16,6,2,0,1,1,6,19
966,17,12,3,1,3,4,16,28
967,0,23,1,1,0,1,12,4
968,21,9,2,1,1,9,0,1
969,4,4,2,1,3,7,4,0
970,8,7,3,3,3,3,5,16
971,15,16,4,2,0,4,33,27
972,22,13,4,3,2,4,19,18
973,23,3,0,3,0,3,3,22
974,14,1,3,1,1,3,2,8
975,7,4,6,3,1,4,2,14
976,10,18,5,3,4,11,3,13
977,2,2,0,1,1,8,18,32
978,2,14,1,1,3,12,14,2
979,0,4,4,2,3,7,9,23
980,2,1,4,4,1,3,10,20
981,10,6,1,0,0,7,7,18
982,8,5,0,3,0,9,6,0
983,7,17,5,4,3,0,5,9
984,5,10,2,2,2,8,3,13
985,3,6,1,1,0,4,13,32
986,0,14,0,0,3,4,1,0
987,15,2,1,1,1,7,8,15
988,0,24,5,3,2,6,32,4
989,6,25,6,4,5,8,27,49
990,10,0,1,1,1,6,27,13
991,2,2,3,4,3,3,26,54
992,7,2,5,6,7,8,14,2
993,4,4,0,2,2,9,2,13
994,8,15,4,5,4,3,17,62
995,6,3,8,6,5,17,5,21
996,13,18,5,2,4,12,5,6
997,9,15,4,4,6,14,0,36
998,25,3,5,2,0,3,11,23
999,5,14,7,3,1,8,17,43
1000,7,16,6,5,5,5,1,24
1001,14,2,2,2,0,7,36,16
1002,4,8,3,0,0,12,10,18
1003,12,4,1,1,0,12,16,62
1004,1,1,4,3,1,12,24,44
1005,3,6,2,0,0,3,8,30
1006,11,6,0,1,3,6,8,34
1007,4,9,2,2,1,0,5,12
1008,19,18,4,4,1,4,5,9
1009,14,7,5,3,2,7,6,36
1010,2,7,6,3,5,13,34,8
1011,5,0,1,1,2,0,12,11
1012,16,9,5,3,4,10,11,19
1013,14,12,1,3,2,21,44,34
1014,5,8,6,6,7,18,60,41
1015,21,19,5,0,0,14,0,18
1016,7,9,6,4,3,10,23,22
1017,35,40,4,3,3,12,34,101
1018,24,14,0,2,2,3,37,2
1019,9,13,3,3,2,7,36,20
1020,8,8,2,3,0,13,3,27
1021,2,16,3,1,1,12,16,4
1022,2,4,8,5,1,2,7,27
1023,8,5,7,10,7,6,1,3
1024,3,20,1,0,0,2,26,47
1025,17,15,4,1,1,1,71,38
1026,6,9,4,0,0,10,63,24
1027,14,13,6,1,6,13,31,24
1028,4,16,5,0,2,16,57,34
1029,1,11,1,2,2,17,70,10
1030,3,22,5,2,2,26,12,9
1031,3,13,3,2,1,28,45,38
1032,26,24,2,6,8,5,53,37
1033,18,17,7,10,14,30,28,74
1034,1,11,5,2,1,12,4,16
1035,4,1,5,2,5,10,59,7
1036,18,8,4,5,2,16,37,2
1037,4,24,7,4,4,12,104,19
1038,16,32,7,2,4,29,23,45
1039,10,3,10,5,6,12,18,7
1040,7,4,3,1,4,11,113,10
1041,6,7,7,7,8,2,44,35
1042,0,27,4,2,2,21,77,3
1043,32,4,4,2,2,16,89,66
1044,3,20,1,4,3,7,44,36
1045,13,14,5,3,2,18,16,0
1046,31,11,1,0,2,5,30,52
1047,9,3,3,3,8,31,54,22
1048,3,1,6,6,8,3,68,33
1049,5,24,3,5,6,3,82,34
1050,18,9,3,4,2,12,28,5
1051,25,2,5,7,8,1,37,7
1052,11,3,5,5,1,42,92,15
1053,3,10,9,6,6,8,56,31
1054,35,53,7,1,0,4,2,1
1055,16,23,2,2,4,3,34,22
1056,9,16,0,2,2,6,56,25
1057,2,5,0,2,7,26,63,31
1058,5,2,4,3,4,7,65,17
1059,10,34,1,1,2,21,69,43
1060,39,6,0,4,2,21,18,12
1061,22,18,6,5,7,21,28,2
1062,31,3,4,3,7,21,21,19
1063,11,12,8,4,2,11,25,4
1064,26,9,6,6,3,6,48,18
1065,43,39,7,5,3,8,72,36
1066,1,13,1,3,2,0,97,15
1067,21,8,3,2,5,12,35,61
1068,16,3,1,0,2,10,9,38
1069,21,12,1,0,1,10,19,31
1070,13,0,3,0,1,3,34,43
1071,5,22,0,3,3,6,7,16
1072,11,14,4,3,3,7,27,23
1073,8,53,12,6,6,3,51,47
1074,2,2,9,5,3,5,16,81
1075,14,16,7,4,3,3,39,1
1076,8,8,2,1,3,6,27,45
1077,18,0,3,3,2,11,5,88
1078,2,3,1,5,7,21,25,62
1079,6,1,6,4,2,15,19,9
1080,26,15,9,8,6,9,9,48
1081,19,6,2,1,3,0,19,18
1082,4,4,2,0,2,5,27,49
1083,18,30,7,2,0,5,21,57
1084,22,14,10,6,3,8,25,26
1085,1,6,3,5,3,0,19,36
1086,10,28,12,3,1,19,28,62
1087,10,13,1,1,1,4,37,21
1088,25,15,6,6,6,6,26,45
1089,13,28,2,0,4,37,103,16
1090,2,14,4,4,4,3,28,6
1091,4,4,2,1,2,3,45,20
1092,10,20,3,3,5,8,0,13
1093,32,3,0,2,3,7,7,35
1094,11,19,3,2,2,24,26,56
1095,14,7,6,4,3,22,15,56
1096,3,9,5,7,10,21,22,1
1097,18,25,2,1,1,12,52,75
1098,6,2,3,1,4,15,10,86
1099,16,19,2,2,4,26,38,12
1100,8,23,6,3,1,10,40,18
1101,14,3,3,3,6,38,81,2
1102,15,23,4,6,9,46,37,65
1103,19,11,1,5,10,27,69,70
1104,3,23,5,1,1,1,2,59
1105,16,3,1,5,6,4,40,41
1106,8,3,4,3,2,5,37,4
1107,18,4,4,0,2,0,6,1
1108,7,32,7,6,5,16,97,0
1109,24,1,4,1,2,10,34,2
1110,4,17,0,0,0,2,22,4
1111,2,24,4,1,1,3,5,4
1112,10,36,1,5,6,21,15,55
1113,7,7,0,2,0,12,48,19
1114,6,29,7,4,1,7,58,2
1115,16,2,1,1,2,6,27,28
1116,29,7,0,1,5,22,17,83
1117,0,22,4,1,2,0,37,11
1118,23,14,13,13,11,20,33,18
1119,3,9,3,2,0,3,17,9
1120,21,15,2,2,3,22,16,41
1121,1,39,7,1,2,10,35,14
1122,15,32,3,5,4,19,36,53
1123,15,38,10,7,2,7,3,38
1124,4,10,2,1,1,3,25,23
1125,39,19,5,2,0,5,23,29
1126,19,11,7,1,2,7,49,57
1127,28,19,7,8,9,21,37,38
1128,0,19,6,8,8,19,9,23
1129,2,0,0,4,3,4,19,48
1130,3,5,4,1,1,6,44,4
1131,9,21,3,0,4,20,13,20
1132,15,23,7,3,6,16,59,36
1133,24,26,6,1,2,4,4,27
1134,19,5,6,8,5,11,43,14
1135,21,14,1,2,1,9,10,35
1136,33,5,2,2,3,12,11,39
1137,4,1,0,3,4,28,27,14
1138,30,62,6,0,0,14,38,20
1139,10,16,7,0,4,15,22,54
1140,0,4,10,8,6,8,1,58
1141,29,6,3,4,5,22,25,8
1142,3,16,2,2,6,9,4,38
1143,9,0,2,1,2,5,1,9
1144,48,21,13,10,10,14,75,24
1145,6,1,3,0,3,18,32,10
1146,28,39,4,5,5,2,16,27
1147,7,14,3,1,1,5,50,15
1148,27,40,2,4,6,18,54,63
1149,8,16,2,2,2,15,4,17
1150,0,11,6,2,0,2,16,10
1151,12,30,4,1,1,24,54,13
1152,22,0,2,1,3,7,12,45
1153,6,0,7,7,7,18,25,55
1154,12,41,0,4,4,6,11,25
1155,14,7,1,0,0,0,3,25
1156,8,25,2,0,1,16,21,9
1157,5,22,8,2,1,3,34,9
1158,1,19,3,2,4,7,25,78
1159,33,8,2,1,2,4,4,17
1160,17,5,2,6,8,17,1,27
1161,32,7,0,6,9,34,19,2
1162,21,40,3,4,6,14,10,28
1163,14,33,7,1,0,3,6,8
1164,15,22,2,3,4,20,22,1
1165,14,4,1,0,1,16,13,41
1166,8,12,6,1,1,2,0,19
1167,9,4,3,2,1,6,1,52
1168,2,13,0,0,1,6,9,26
1169,0,2,2,1,2,2,8,43
1170,11,13,1,1,2,22,23,10
1171,2,11,2,4,1,6,30,9
1172,0,16,1,0,2,7,15,11
1173,3,24,9,4,3,8,4,20
1174,3,12,0,1,2,0,5,17
1175,5,11,2,1,2,2,12,17
1176,8,33,10,7,9,5,70,15
1177,9,29,5,2,0,5,8,26
1178,3,5,5,4,6,11,3,36
1179,11,10,1,3,1,1,24,4
1180,16,32,9,3,3,7,38,15
1181,13,23,5,1,2,10,9,2
1182,5,6,3,3,3,1,8,15
1183,17,29,2,3,5,14,32,5
1184,7,12,1,1,1,5,25,8
1185,16,15,1,2,3,12,22,1
1186,4,4,1,1,1,0,5,5
1187,4,2,4,4,1,5,11,13
1188,5,0,2,2,1,15,9,14
1189,6,1,5,0,1,6,6,14
1190,16,10,4,3,3,3,10,9
1191,4,21,6,4,3,4,12,11
1192,23,8,1,2,1,9,27,17
1193,3,33,9,6,5,2,38,13
1194,9,16,1,0,3,9,3,6
1195,4,3,1,1,2,11,48,23
1196,4,21,1,2,3,7,0,9
1197,12,11,4,1,2,1,23,15
1198,10,7,5,2,1,7,2,9
1199,1,9,0,1,2,2,10,16
1200,7,18,3,1,0,1,37,21
1201,6,14,4,2,5,11,35,12
1202,1,11,4,2,0,3,43,1
1203,3,20,9,4,2,1,28,1
1204,6,23,1,1,2,11,11,24
1205,2,16,5,1,0,3,15,1
1206,1,3,0,1,1,7,16,18
1207,4,3,6,4,5,12,24,4
1208,8,5,5,2,3,9,18,11
1209,5,1,2,1,1,2,27,6
1210,5,22,5,3,2,0,9,35
1211,7,3,1,1,1,8,22,1
1212,22,28,4,2,2,8,26,14
1213,9,21,3,2,0,2,22,4
1214,3,20,8,5,4,2,16,6
1215,3,17,4,2,5,9,1,5
1216,2,32,12,2,1,2,2,17
1217,8,6,3,2,2,4,22,11
1218,10,6,5,3,2,4,9,15
1219,2,15,1,1,0,1,5,19
1220,8,6,1,2,2,2,9,2
1221,4,0,5,3,1,1,8,14
1222,1,1,2,0,2,1,7,16
1223,2,4,3,0,1,0,1,23
1224,17,4,1,0,0,4,4,3
1225,6,16,4,1,2,3,14,4
1226,2,1,0,1,2,3,2,10
1227,6,8,2,0,1,1,11,12
1228,7,16,3,1,4,2,6,6
1229,9,19,1,1,1,2,9,0
1230,10,13,0,3,1,1,23,13
1231,0,1,3,0,0,0,21,4
1232,8,15,4,2,1,6,6,18
1233,1,12,3,1,1,4,20,26
1234,1,2,3,2,1,2,2,6
1235,0,3,0,1,0,6,11,8
1236,1,6,0,1,0,1,12,4
1237,3,18,2,1,1,1,12,16
1238,0,2,1,0,0,1,7,6
1239,1,0,1,2,3,1,17,13
1240,4,17,7,2,3,3,8,6
1241,1,5,2,2,1,1,4,9
1242,2,5,2,2,3,4,5,7
1243,10,3,1,1,2,0,7,7
1244,7,15,1,0,1,1,1,7
1245,18,21,0,1,3,0,13,4
1246,3,14,3,0,1,1,1,2
1247,6,16,4,2,2,2,0,8
1248,9,11,3,1,1,0,10,17
1249,13,18,6,2,2,2,5,16
1250,4,3,2,1,1,4,5,33
1251,6,4,2,0,0,7,5,2
1252,1,1,2,2,1,7,5,0
1253,6,15,4,3,3,1,2,9
1254,7,1,1,0,1,0,2,8
1255,0,6,0,0,0,5,3,6
1256,4,1,2,2,2,1,2,18
1257,3,5,3,0,1,2,4,4
1258,1,2,2,0,3,2,5,2
1259,1,13,3,1,0,1,13,11
1260,8,9,5,3,1,3,40,5
1261,9,10,0,1,0,1,3,16
1262,1,1,3,2,0,0,3,1
1263,6,6,1,1,1,1,2,1
1264,1,2,0,2,1,1,14,19
1265,14,10,1,0,0,2,8,11
1266,2,12,0,3,1,1,8,12
1267,0,3,2,1,0,0,2,45
1268,6,10,3,2,1,2,5,11
1269,5,1,0,1,0,0,0,11
1270,3,1,1,0,0,2,9,3
1271,0,2,4,3,2,3,2,5
1272,8,12,5,1,1,1,2,3
1273,5,11,4,1,1,1,4,1
1274,3,4,0,0,1,6,11,2
1275,6,10,1,0,2,1,4,5
1276,12,9,2,2,1,0,4,0
1277,1,4,2,3,1,2,7,5
1278,0,4,0,1,2,1,1,3
1279,2,3,2,2,1,1,0,0
1280,3,1,0,2,2,2,5,5
1281,1,0,3,1,1,0,3,2
1282,2,5,2,2,0,1,1,1
1283,3,3,1,1,1,1,1,12
1284,1,7,2,2,2,1,7,5
1285,1,4,4,2,1,3,5,8
1286,5,7,6,1,2,1,0,5
1287,4,9,0,0,0,0,1,3
1288,1,2,2,3,2,4,6,11
1289,0,5,3,0,0,1,1,2
1290,1,1,3,2,0,4,14,3
1291,3,3,1,1,1,2,2,9
1292,7,14,3,2,3,3,5,30
1293,10,10,9,5,3,4,4,3
1294,0,7,3,2,1,1,1,4
1295,4,6,3,1,1,2,0,1
1296,5,8,5,2,0,1,1,6
1297,1,0,8,3,1,1,0,3
1298,1,10,2,6,1,1,1,4
1299,0,3,0,6,4,2,0,1
1300,0,8,4,1,0,3,4,4
1301,5,3,13,4,0,1,2,3
1302,11,14,22,8,3,3,0,4
1303,2,0,1,3,0,1,3,1
1304,5,5,2,2,1,0,1,2
1305,4,5,2,4,1,1,6,2
1306,3,14,15,5,1,1,1,1
1307,5,12,3,5,3,2,0,2
1308,8,9,2,1,1,2,1,1
1309,3,15,6,1,1,1,4,7
1310,1,5,1,1,1,0,2,1
1311,1,2,6,2,1,0,1,3
1312,2,2,4,2,0,0,2,7
1313,5,5,1,3,2,2,3,6
1314,1,0,5,2,2,0,0,2
1315,3,0,13,2,0,2,1,4
1316,3,10,12,2,2,0,0,2
1317,5,5,11,4,3,1,2,5
1318,8,7,6,2,1,1,2,1
1319,0,1,7,3,0,1,0,2
1320,1,3,1,2,2,0,0,2
1321,2,2,6,3,2,1,1,1
1322,7,15,0,0,0,0,2,2
1323,1,3,0,5,2,1,1,1
1324,1,21,2,7,3,0,1,4
1325,6,6,6,1,0,2,2,2
1326,7,6,22,6,1,3,3,1
1327,3,2,7,1,1,2,1,0
1328,1,6,5,2,1,1,1,3
1329,1,5,9,3,0,1,0,0
1330,0,17,3,0,0,1,0,8
1331,1,3,1,4,3,1,2,5
1332,2,2,3,2,0,3,1,3
1333,1,8,7,4,2,3,2,0
1334,8,19,7,1,2,2,2,0
1335,2,5,4,3,1,1,0,1
1336,1,9,1,1,4,0,2,3
1337,3,23,4,1,2,0,4,2
1338,2,0,0,3,2,3,1,4
1339,1,9,1,2,2,1,1,2
1340,3,10,1,5,1,2,0,0
1341,1,16,9,5,3,2,1,1
1342,1,2,3,2,3,3,2,2
1343,3,11,3,0,0,1,2,3
1344,1,6,0,2,1,1,2,3
1345,1,1,7,2,2,1,1,1
1346,3,2,6,3,2,0,2,4
1347,6,6,8,1,2,1,1,3
1348,7,5,4,3,1,1,1,3
1349,2,8,1,2,5,4,5,5
1350,4,2,20,5,3,1,3,2
1351,11,12,4,2,2,2,1,0
1352,5,5,1,3,0,2,1,1
1353,5,5,9,2,0,0,0,1
1354,4,11,17,6,3,1,1,6
1355,4,1,4,0,1,1,0,11
1356,0,6,4,2,0,1,8,3
1357,2,5,1,0,0,2,1,0
1358,4,5,21,3,0,2,0,0
1359,9,4,11,7,1,2,0,2
1360,4,8,4,2,0,1,0,1
1361,3,3,2,0,1,0,1,1
1362,1,1,5,0,3,0,3,4
1363,0,5,2,1,2,2,3,2
1364,2,3,2,2,1,1,0,3
1365,8,6,1,2,2,1,1,1
1366,0,2,3,1,1,1,1,3
1367,1,5,15,2,1,1,0,1
1368,7,12,8,2,2,4,2,2
1369,2,17,0,1,0,1,1,3
1370,2,4,9,4,1,1,1,2
1371,2,6,9,2,1,1,0,1
1372,3,1,21,3,0,1,0,1
1373,5,0,0,0,1,0,1,2
1374,7,17,0,3,4,4,0,9
1375,1,7,2,1,0,2,0,13
1376,1,8,2,3,2,0,5,2
1377,0,3,4,2,3,1,1,2
1378,1,5,6,1,0,0,0,2
1379,2,4,3,2,3,2,1,3
1380,2,4,1,1,1,2,1,3
1381,0,5,12,2,1,1,1,2
1382,9,4,7,2,2,1,2,2
1383,1,10,17,2,1,0,3,1
1384,3,2,6,1,2,2,1,4
1385,2,1,6,1,1,1,3,3
1386,3,2,2,0,0,1,1,8
1387,0,6,0,1,1,1,3,2
1388,1,8,1,2,2,1,0,3
1389,7,15,2,3,2,2,0,1
1390,0,2,11,1,1,2,2,3
1391,2,1,9,5,2,1,1,3
1392,3,3,9,1,2,4,1,1
1393,0,3,1,1,1,1,2,2
1394,1,2,2,4,3,1,1,4
1395,3,5,15,3,2,0,2,2
1396,1,6,14,2,1,2,2,3
1397,2,21,21,8,4,3,11,23
1398,8,1,2,2,3,0,1,1
1399,6,5,3,0,0,1,1,3
1400,3,3,3,1,1,1,1,6
1401,1,22,9,3,1,1,3,4
1402,1,2,3,0,1,1,0,2
1403,5,7,2,0,0,2,1,4
1404,3,1,8,3,1,0,0,1
1405,5,4,5,1,1,3,2,0
1406,2,2,6,1,2,1,2,4
1407,4,3,4,0,1,2,1,4
1408,2,2,1,1,1,2,3,2
1409,1,1,1,1,1,1,1,3
1410,1,0,4,3,1,0,0,3
1411,6,10,1,1,3,1,2,3
1412,1,3,8,2,1,0,1,3
1413,1,9,21,6,3,2,2,1
1414,4,11,18,8,5,2,2,0
1415,5,0,2,1,1,1,1,0
1416,6,10,1,1,2,0,1,2
1417,0,3,7,2,0,1,2,2
1418,1,1,2,1,1,1,2,1
1419,4,10,3,1,0,1,1,1
1420,1,11,2,2,0,0,0,1
1421,1,2,4,3,1,0,1,1
1422,6,5,1,2,2,1,1,8
1423,5,10,4,2,2,3,6,30
1424,2,8,0,0,2,1,2,1
1425,7,7,6,2,1,1,1,6
1426,5,7,1,1,1,1,0,2
1427,5,2,4,2,0,2,1,6
1428,2,9,10,2,2,3,0,2
1429,0,4,10,0,1,1,0,1
1430,1,2,13,4,3,0,1,3
1431,2,4,1,0,1,0,1,4
1432,2,8,0,1,1,0,0,0
1433,4,10,3,1,1,0,0,3
1434,3,2,17,3,1,1,0,2
1435,7,2,10,2,4,0,1,3
1436,5,11,7,5,1,1,0,2
1437,3,4,3,1,2,2,1,3
