1,-1,-3,-1,-1,-1,-2,-2,-2
2,-1,-2,-2,-3,-1,0,0,1
3,1,-1,-3,-2,-1,-1,-1,-7
4,-3,-2,-1,0,-1,1,-2,-2
5,0,0,-1,-1,-1,-1,-1,3
6,-4,-2,-1,0,-1,-1,-2,-7
7,-2,0,-1,0,-1,-1,0,2
8,-1,-2,-1,-1,-3,0,-2,-8
9,-1,0,-2,0,-1,0,-1,-2
10,0,-1,-1,-1,-1,-1,-2,0
11,1,-1,0,-2,-3,-2,1,1
12,-1,0,-3,-3,0,-2,-1,0
13,-1,-4,-3,-1,-1,0,0,-1
14,-2,-1,0,0,0,-1,-2,0
15,-1,1,0,-1,0,-1,0,-3
16,-1,-1,-1,-1,1,-2,-3,0
17,0,-1,-2,0,-2,0,-2,-1
18,1,0,0,-2,-1,-1,-3,0
19,-2,-3,-1,0,0,0,-1,0
20,-6,-2,-2,-1,-3,-2,1,5
21,0,1,0,0,1,-1,-2,-11
22,-1,-2,-2,-1,-2,-1,-1,0
23,0,0,0,-1,-1,0,-1,0
24,-2,-2,-2,-2,-1,-2,-1,2
25,-1,-2,-2,-1,-1,-1,-2,-3
26,-3,-1,-2,-1,-1,-1,-1,-3
27,-1,-1,-1,-2,-1,-1,-1,3
28,1,1,-2,-2,-2,-2,-4,-2
29,0,-2,-3,0,-1,-2,-1,-1
30,-3,0,-1,0,-1,-1,0,-1
31,-1,-1,-1,1,0,-2,0,0
32,-1,-2,0,0,-2,-1,0,-2
33,-3,-1,-1,-2,-2,-1,0,1
34,0,-1,-1,-2,-1,0,-1,0
35,-1,0,0,-2,-1,-1,-1,0
36,-2,-4,0,-2,-1,0,-3,-8
37,2,-1,-2,0,0,0,0,2
38,-2,-1,-1,0,0,-1,-1,-2
39,-2,-1,-1,0,-1,-2,-2,0
40,0,-1,-2,-1,-1,-1,-1,-3
41,-1,-1,-1,-1,-2,-1,-1,1
42,1,0,-1,-2,0,-3,-2,-1
43,-1,-1,-1,-1,-1,-3,-2,-4
44,0,-1,0,1,0,1,0,3
45,-2,-2,-1,0,-2,0,-2,-4
46,0,0,-2,0,-1,-1,0,1
47,0,-1,-2,-3,-2,-2,-2,-3
48,-2,0,-1,-1,-1,-1,0,-1
49,3,-3,0,-3,-2,-2,0,4
50,-4,-2,-2,-2,-3,0,0,-7
51,-1,-2,-2,-1,-1,-1,-2,-1
52,-1,0,-1,0,0,-1,-2,1
53,-2,0,-1,0,-1,-1,-1,-1
54,1,-1,0,-2,-1,0,-2,0
55,0,-1,0,-1,-1,-1,-2,-2
56,-2,-3,-5,-2,-1,1,1,0
57,0,2,0,-1,-1,-1,0,-4
58,1,-3,-1,-2,-2,0,-3,0
59,-2,-2,-1,0,0,0,-1,-2
60,-2,-2,0,-1,0,-1,-1,-2
61,-4,-2,1,0,-1,1,-2,-3
62,0,-2,-3,-1,-1,-2,0,3
63,-3,-2,-3,-3,-1,0,-2,-16
64,1,1,0,0,-2,-2,-2,0
65,-1,-3,0,-2,-1,0,-1,-3
66,-2,-1,-2,-1,-1,-2,-2,-3
67,1,2,4,-1,-1,0,1,4
68,-1,-2,2,-1,-1,-2,0,1
69,-3,-4,-6,-1,-1,-3,-2,-6
70,0,-1,1,0,-2,0,0,3
71,-1,-1,-3,-1,-1,-3,-1,-1
72,-2,3,3,-1,-1,-1,-1,-3
73,0,0,1,-2,-3,-1,-1,4
74,-2,-2,-2,1,-1,-2,0,-1
75,1,0,0,0,0,1,1,-2
76,1,-2,-4,-3,-2,-2,-1,2
77,-2,-1,-5,-1,-1,1,-2,-3
78,-2,0,-2,-1,0,0,1,-2
79,-2,0,2,0,-1,-1,-2,-6
80,-4,-5,-2,-2,0,-1,-1,-2
81,2,-1,-3,-2,0,-2,1,-2
82,-1,0,0,-1,-2,0,-1,0
83,-1,-2,-2,-1,-1,0,1,3
84,0,0,-3,-2,-2,-1,-3,-2
85,-1,1,1,0,0,-1,0,1
86,-3,-2,-1,-1,-2,-1,-3,-4
87,0,-2,-3,-2,-1,-2,-1,2
88,0,-1,-4,0,-3,-1,-2,-2
89,-1,-1,-1,-1,-3,-3,-1,-2
90,-1,-2,-1,-1,0,0,0,-2
91,-3,1,1,1,-2,-1,-1,1
92,-2,-5,-2,-1,0,0,0,0
93,-2,-1,-1,-1,0,0,-2,-4
94,-1,3,-1,-1,-2,-3,-1,-2
95,-1,-1,-1,-2,-1,0,-1,4
96,0,2,0,0,0,0,-1,-6
97,1,0,-1,1,0,-1,0,0
98,0,-3,-5,-2,0,0,-1,-4
99,0,0,-3,-1,0,-2,-2,-1
100,1,0,-1,-1,-1,0,-1,2
101,-3,-2,0,-3,-1,-1,-3,-2
102,-2,0,3,-1,-2,-1,-1,-1
103,0,-3,-2,-1,-2,-2,-2,0
104,-1,-3,0,0,-1,-1,-1,-1
105,-1,-1,1,-2,-2,-1,-1,-1
106,-2,0,1,-2,0,-1,-3,0
107,1,-1,-3,-3,-2,0,-1,0
108,-2,-1,-2,-2,0,-2,-3,-3
109,-2,-2,0,0,-1,0,0,-1
110,2,2,4,0,-1,0,0,-2
111,-1,-6,-5,-3,-3,-3,-3,1
112,-3,-2,-8,-2,-1,-1,1,4
113,1,0,1,-1,-1,-2,-2,-4
114,-2,-3,2,-1,0,-1,-2,1
115,-1,0,2,0,0,0,-1,-1
116,0,0,1,-1,-2,-1,0,-4
117,-2,0,-1,0,0,-1,-1,1
118,-1,-2,-2,-1,-1,-1,-1,0
119,-2,-3,-3,0,-1,0,-2,-4
120,-1,1,-1,-1,0,-1,0,2
121,-2,-3,-2,0,-1,-1,1,-1
122,0,-2,-2,-1,-1,-2,-3,-3
123,1,-3,-1,0,0,-2,-2,1
124,-1,0,-3,0,-1,0,0,-2
125,-1,-1,-7,-3,-4,-3,-2,-1
126,0,4,-3,0,-1,0,0,-1
127,-1,-4,3,-2,0,-2,0,-1
128,-1,0,0,0,1,0,-3,-1
129,-1,0,1,-2,-3,-2,-3,-2
130,-2,-5,-7,-3,-2,-1,-2,1
131,-1,0,-1,-2,-3,-1,1,3
132,0,1,2,0,-2,-2,-4,-10
133,0,0,4,0,0,0,0,1
134,0,1,3,1,-2,-1,-1,-1
135,-3,-5,-13,-3,-1,-1,0,-1
136,-2,-2,3,-2,-2,-2,-2,2
137,-1,-3,-3,-1,0,1,-1,-1
138,0,-4,-1,-1,-1,-2,-2,-2
139,-4,4,10,0,0,-2,-2,-4
140,-7,0,-3,0,-3,-1,-2,1
141,0,-2,-6,-3,-2,-2,-1,-1
142,1,-2,-5,-4,-2,0,0,2
143,-7,6,-2,2,0,1,0,-4
144,-2,-4,0,1,-1,-2,-1,0
145,-1,6,7,1,1,1,-2,1
146,-9,-5,-15,-5,-2,-2,-3,-4
147,0,-8,-3,-2,-1,-2,-1,-2
148,0,-3,-1,-5,-1,0,-1,1
149,2,8,3,2,-1,0,0,1
150,-1,-8,4,2,-1,-2,-1,0
151,-3,-6,-15,-4,-1,0,-3,-2
152,1,-1,0,-1,-1,-1,1,0
153,-2,-1,1,0,-1,0,-2,-1
154,0,6,10,3,1,0,0,-1
155,-6,-11,-20,-7,-4,-2,-3,-1
156,2,3,3,0,0,-2,0,0
157,2,0,-7,-1,-1,-2,0,-1
158,-7,-5,-1,-3,0,-1,-2,-2
159,2,6,17,1,-1,0,0,-3
160,-2,-9,-30,-3,-2,-1,-2,-2
161,-2,-3,-4,-2,-1,-3,-3,-1
162,1,3,2,0,0,-1,-1,0
163,-1,-4,7,-1,-1,-3,-2,-1
164,-1,0,-10,-2,-2,0,-1,-1
165,-2,-11,-11,0,-1,-3,-1,-1
166,2,-5,4,1,-1,-1,0,0
167,-1,8,2,-1,0,-1,-1,0
168,3,2,7,-1,0,-1,-2,-2
169,0,-4,-7,-3,-1,-2,-2,1
170,-1,-4,-8,-5,-1,-1,-2,-3
171,-1,-3,2,-2,-1,-2,-4,-2
172,-2,2,12,3,-1,0,-1,-2
173,-1,4,12,-2,-3,-2,-1,-3
174,-9,-3,-11,-2,-1,0,-2,-2
175,2,4,-3,2,-2,0,-1,1
176,-8,-20,-12,-9,-4,-3,-2,-3
177,0,3,11,1,0,1,0,-2
178,-1,-2,12,-3,-2,-2,0,-1
179,2,8,3,1,0,-2,2,0
180,2,5,6,4,1,0,-1,1
181,-1,-1,0,0,-1,0,-1,-1
182,0,-4,9,-4,-4,-3,0,-2
183,-1,-4,-23,-6,-1,-1,-3,-3
184,3,7,6,1,0,-1,0,-2
185,2,0,0,4,3,2,1,0
186,4,12,-1,8,2,2,-2,3
187,-3,-13,12,-7,-4,-3,-2,-2
188,-1,-7,-12,-3,-2,-1,-1,-1
189,-3,2,0,-1,0,1,-1,-1
190,1,4,-8,1,1,-2,-1,-2
191,-1,-2,0,-1,-1,1,0,-1
192,5,2,6,2,0,-2,-1,0
193,-1,-2,13,-1,-2,-2,-2,-2
194,3,0,-15,-2,-1,-2,-2,0
195,2,7,2,3,1,1,0,-2
196,0,-1,6,-2,0,1,1,-2
197,-6,-11,-6,-3,-4,-2,-3,-4
198,1,2,-3,2,1,-1,1,0
199,-2,-14,-9,-6,-2,-2,-3,-2
200,-5,5,4,-1,-1,-2,0,-1
201,-4,-6,-32,-2,0,-1,-1,-1
202,-4,-10,10,-3,-3,-2,-2,-3
203,1,5,-7,4,2,0,-1,0
204,-1,2,27,-2,-3,-1,-1,-1
205,-2,-6,-35,1,-1,0,-1,0
206,-3,-8,12,-7,-6,-2,-2,-2
207,-2,3,7,1,0,-1,-2,-2
208,-1,-5,-13,-4,-1,-1,-2,0
209,3,9,22,9,1,-1,0,0
210,2,2,-13,0,-1,-2,-1,0
211,-1,-1,4,-2,-4,-3,-2,0
212,0,0,-18,-7,-4,-3,-3,0
213,-2,-4,4,0,-1,-1,0,0
214,6,-1,-3,3,3,2,0,1
215,-1,2,21,-4,-4,-3,0,0
216,-14,-19,-16,-4,-3,0,-2,0
217,1,10,31,0,-1,-2,0,0
218,1,-5,-44,-1,0,-1,-1,-1
219,-2,1,12,0,0,0,-2,-1
220,2,4,1,13,5,1,1,-1
221,0,-3,-6,-10,-5,0,-1,-1
222,-3,5,11,-3,-2,-2,-3,-2
223,2,-9,-14,7,4,2,1,0
224,0,5,2,1,0,-1,-2,-3
225,2,7,30,7,1,0,1,0
226,1,3,7,2,0,-1,0,0
227,-4,-8,-39,-10,-5,-3,-2,-1
228,5,10,24,5,1,-1,1,1
229,-6,-13,-46,-11,-4,-3,-4,-3
230,0,3,9,1,0,0,0,-1
231,-1,-1,10,2,-1,-2,-2,-2
232,0,-10,-21,-2,1,1,0,0
233,-1,-5,-4,-15,-7,-8,-3,-3
234,4,6,36,11,4,4,2,2
235,-5,-9,-23,-10,-5,-3,-1,-3
236,3,10,15,0,0,0,-2,-1
237,-3,-13,-6,1,1,0,-1,-2
238,9,18,23,8,2,0,-1,1
239,1,3,10,-2,1,2,1,2
240,-3,-4,15,-11,-7,-4,-3,-2
241,3,14,20,3,0,-2,-1,0
242,-6,-29,-42,3,6,4,2,-1
243,-2,11,52,2,-5,-3,-3,-4
244,-2,0,-47,-5,-6,-2,-2,-3
245,0,-3,19,15,0,-1,-1,0
246,-10,-20,-61,-48,-17,-9,-5,-6
247,-3,-10,25,18,10,3,3,-1
248,-1,0,-9,-4,3,-1,0,0
249,5,5,-5,3,-2,-1,-2,-1
250,4,21,69,22,1,-4,-1,0
251,-4,-23,-41,-23,-5,-4,-3,-3
252,-12,-6,-22,-9,-5,-3,-2,-3
253,0,1,8,-18,-5,-1,-1,-1
254,-3,1,8,8,-3,-3,-3,-2
255,-1,-10,-32,-2,-1,-1,-3,-3
256,5,1,13,21,8,0,2,1
257,-1,13,13,6,-4,-2,-3,-3
258,-6,-9,-49,-21,-1,-1,-4,-4
259,0,8,-7,-12,-1,-1,0,2
260,2,-4,14,36,-1,1,-2,-2
261,-2,-1,-18,-24,4,4,0,2
262,-2,-2,13,-7,-2,1,1,-1
263,8,22,23,28,8,6,3,5
264,-1,4,4,-16,-13,-7,-4,-1
265,-2,-12,-5,2,6,0,1,0
266,0,-2,-19,-22,0,1,2,5
267,0,-8,-18,19,-4,-3,-2,-1
268,7,13,19,-4,12,7,10,12
269,-9,-14,24,33,-3,-7,-23,-37
270,-17,-33,-48,-40,-15,-10,-9,-6
271,-6,-7,-5,4,0,6,2,2
272,6,3,17,24,3,-5,3,8
273,3,5,-22,12,8,4,8,10
274,-2,-5,10,-13,-5,-5,-2,-4
275,5,15,66,-5,-6,-3,-2,0
276,-9,-26,-60,-24,-4,3,-1,-5
277,-4,-5,-23,-14,-5,-3,2,3
278,7,13,32,48,14,6,2,1
279,8,31,16,10,0,-1,1,5
280,-7,-12,-12,-12,-3,-1,-6,-8
281,0,-2,-14,-21,0,0,1,4
282,0,-2,-41,13,-5,0,2,3
283,-9,-5,-32,10,-2,-6,-6,-9
284,-2,0,6,-11,-10,-1,-2,-3
285,-1,-6,-35,-18,-3,1,1,1
286,-9,5,59,-4,-8,-3,-4,-7
287,5,-5,-38,-13,5,7,3,1
288,-6,-25,6,-1,-2,-11,-7,-6
289,0,-10,-32,21,2,1,2,3
290,1,17,59,14,-9,-9,-5,-3
291,-1,-2,-64,-56,-12,-5,-3,-3
292,7,-3,-26,23,10,7,1,2
293,-9,-11,4,-27,-9,-3,-4,-2
294,7,5,-5,6,14,7,2,3
295,-5,-7,10,0,3,-2,-3,-2
296,10,17,-11,-8,-2,-1,0,2
297,1,26,94,24,-4,-4,-2,-1
298,-4,-8,-4,7,-3,-3,-2,-3
299,-12,-27,-29,-31,-4,-5,-1,-3
300,4,25,47,12,6,4,1,-1
301,3,7,4,6,5,6,3,3
302,-9,-24,-32,10,-15,-15,-7,-7
303,10,22,50,-6,4,1,0,1
304,-2,-21,16,21,16,1,-3,-2
305,-12,-20,-85,-37,-8,-4,-4,-6
306,6,-4,5,22,6,5,3,4
307,-5,-13,-54,-16,-5,-7,-4,-6
308,6,20,0,-13,-6,0,1,1
309,0,6,14,-13,-2,-6,-2,2
310,3,-3,-43,-9,-9,1,-1,-1
311,-19,3,15,19,19,1,2,1
312,-13,2,2,4,9,2,-2,-6
313,-2,-16,-69,-7,-5,1,-2,0
314,-6,-7,-20,-2,3,1,0,-2
315,3,4,11,23,-10,-3,-4,-3
316,10,34,73,-24,-4,2,4,6
317,-5,6,32,0,6,5,4,-2
318,-10,26,73,24,9,1,0,-4
319,5,-73,-88,-42,-15,-8,-8,-7
320,4,10,11,-15,-3,-3,-1,1
321,2,3,-13,2,-4,-7,-4,-4
322,22,28,91,20,7,7,6,8
323,-10,-10,72,-19,-27,-13,-7,-9
324,-4,-10,-43,12,-7,-4,-5,-6
325,13,31,-1,-4,4,2,3,5
326,-8,-28,-29,-2,-2,-1,-3,-3
327,-5,16,44,22,2,0,0,1
328,-10,-2,4,-35,-6,-5,-5,-4
329,-1,-15,5,13,5,4,0,0
330,9,50,-18,3,7,12,4,4
331,-3,-4,44,-5,-4,-9,-5,-2
332,-17,-25,-24,-21,-6,-4,-3,-6
333,8,-4,3,16,-8,-3,-2,-2
334,4,2,-31,-18,4,2,2,0
335,-16,-38,-69,-56,-4,1,-3,-5
336,3,7,64,41,-4,-2,0,2
337,-13,-29,3,-43,-14,-6,-2,-1
338,-12,-36,-43,-5,-13,-13,-8,-5
339,23,64,40,59,24,14,9,9
340,2,-1,-29,5,1,-1,0,-4
341,-1,-19,-12,-10,-11,-7,-4,-3
342,5,17,-6,-31,0,1,1,2
343,9,36,73,49,-3,-6,0,1
344,-9,-63,-93,-71,-2,4,3,-1
345,-12,4,55,10,7,0,-1,-2
346,9,10,25,12,0,2,2,3
347,1,-36,-73,-8,13,8,-2,-1
348,8,-1,3,42,-10,-3,-2,1
349,16,26,-4,11,0,3,3,5
350,-25,-86,-91,-29,-9,-7,-8,-9
351,8,18,50,16,14,5,5,3
352,-2,2,-39,-23,-12,-8,-4,-2
353,4,13,17,53,17,9,4,4
354,-5,12,42,3,-4,-7,-5,-5
355,-5,-10,-63,-14,-10,-2,0,-1
356,-16,3,-19,0,-4,-2,-3,-6
357,4,-17,-25,2,6,-2,-1,1
358,-4,8,2,-28,-12,-8,-4,-4
359,-1,7,28,14,13,6,1,0
360,0,-6,-26,-51,-4,-1,-2,-2
361,-11,-44,0,17,8,0,0,-3
362,9,39,116,42,-4,-3,4,3
363,-6,-21,-82,-52,-4,0,-8,-4
364,8,22,48,43,-1,2,-3,2
365,0,-11,-24,-2,15,6,3,1
366,-6,8,22,8,16,15,6,4
367,-3,-11,-35,-22,-2,-12,-2,0
368,-1,-3,19,34,-3,2,1,-1
369,-8,18,43,-7,-6,-6,-6,-5
370,9,1,18,-9,13,8,5,3
371,11,22,45,27,-3,3,2,4
372,-10,10,15,0,5,6,4,1
373,-17,-35,-73,-89,-21,-12,-6,-9
374,15,-9,-2,14,2,-1,0,0
375,6,0,45,49,19,9,-2,2
376,19,-6,-44,-36,-16,-21,2,10
377,-3,13,60,-9,-45,-26,-11,-6
378,14,15,-59,1,32,15,4,5
379,2,-6,-10,24,0,14,-6,-1
380,-6,-36,30,-24,-22,-19,-11,-7
381,15,6,-3,17,-29,-18,3,-2
382,-20,-17,57,-1,25,11,-4,-13
383,3,17,-13,37,8,20,8,3
384,-14,-21,23,39,27,22,4,-6
385,19,41,37,28,4,6,3,8
386,-2,-18,-83,-56,-51,-36,-16,-6
387,1,-26,26,-8,-3,-11,0,-4
388,22,-13,-21,-8,-9,-10,-11,-7
389,-18,2,12,-16,7,13,5,-1
390,3,65,9,38,7,5,7,4
391,14,24,38,2,-25,-23,-9,1
392,-4,9,-37,-21,16,1,3,3
393,19,33,48,32,14,11,3,2
394,-6,-41,-68,-51,-25,-6,-8,-1
395,-11,11,25,-20,14,1,13,4
396,-17,-12,-40,0,-1,6,-5,-6
397,10,1,36,24,1,6,-2,3
398,-4,-3,-23,-41,18,-3,0,-1
399,-17,-1,32,-31,-40,-10,-1,-10
400,14,18,29,31,23,13,7,8
401,0,-7,-21,-7,26,-1,1,4
402,-16,-27,-87,-8,-22,3,-4,-11
403,4,-15,-39,-6,15,23,7,2
404,-8,-2,36,0,3,-15,-6,0
405,9,14,46,9,-4,3,4,2
406,-24,-37,-42,-34,-25,-25,-10,-9
407,12,42,75,55,21,2,1,6
408,-12,-6,31,-34,-17,-5,-1,-2
409,14,-6,-127,-9,16,2,-3,3
410,-28,-55,56,-13,-12,-12,-11,-11
411,-29,-5,-48,-21,-11,-5,-5,-9
412,3,13,5,27,3,5,4,2
413,-11,15,-35,-19,0,0,-1,-7
414,-2,-27,-24,-15,-5,-5,-2,-6
415,-10,-7,68,32,-8,-15,-5,-1
416,-2,5,-27,0,-2,13,3,-1
417,-9,-28,1,9,10,-2,-2,-4
418,19,43,43,17,3,3,1,8
419,-13,-3,-51,-7,-9,-18,-9,-5
420,0,-3,15,-17,8,3,1,1
421,4,39,31,-9,-13,-4,-6,-2
422,9,-22,-73,35,11,12,6,5
423,1,-25,-2,-11,0,-3,-2,1
424,3,-4,60,25,-8,-4,0,-4
425,-12,3,22,-15,-13,-9,-5,-2
426,5,5,47,37,8,17,1,-1
427,-5,23,-18,-21,-15,-21,-6,-2
428,-8,-27,-42,-7,5,-5,-4,1
429,-5,-15,-13,15,10,16,7,-1
430,-5,30,34,-21,-10,-7,-2,-1
431,26,-1,-36,-17,5,18,6,9
432,-7,29,9,-46,-24,-16,-11,-10
433,8,-29,-1,22,11,11,3,5
434,21,56,28,19,20,5,9,8
435,-20,-34,-105,-25,-17,-6,-10,-13
436,9,21,38,11,7,3,5,7
437,1,-25,-66,-18,5,11,3,-1
438,-18,-28,-31,-27,-19,-28,-18,-11
439,15,17,53,22,2,0,4,4
440,2,37,36,52,3,9,3,4
441,-3,21,57,21,-4,-5,-6,-6
442,-16,-56,-34,-3,1,-2,-1,-3
443,6,16,-43,-13,20,9,5,5
444,7,-16,2,2,-2,-6,-1,0
445,-18,6,9,-19,-15,-9,-4,-4
446,4,28,51,21,6,8,6,4
447,-2,-21,4,3,-6,-7,-4,0
448,19,-6,-39,3,8,22,6,0
449,-12,-40,-58,-6,12,-5,-2,-3
450,8,28,32,6,-8,-9,0,2
451,-11,6,-29,-1,1,-1,5,2
452,1,0,-24,-14,-2,-4,-2,1
453,-3,-28,-22,-3,-16,-4,-1,-3
454,-1,-14,-2,-6,1,1,2,-1
455,-3,-7,23,6,0,0,0,-1
456,14,8,-31,-7,-3,-7,-3,0
457,-14,13,31,2,-4,3,-2,-3
458,0,5,40,17,11,-3,1,0
459,13,1,48,-5,-11,0,-3,-3
460,-29,-40,-74,-17,-4,-10,-6,-6
461,-3,-8,23,15,-3,3,1,-2
462,10,8,-7,13,7,1,-1,4
463,-1,12,11,5,2,5,-1,-5
464,-10,0,60,1,-12,-9,-7,-9
465,1,2,-1,-12,-6,-14,-6,1
466,9,12,8,5,-2,8,4,3
467,6,36,-17,-7,5,5,-2,2
468,-8,-9,-5,-12,-7,-5,-3,-2
469,2,7,27,-6,-5,-7,-6,-2
470,3,-4,-7,-11,-5,-3,-3,0
471,-2,-6,-49,-4,-1,-4,-2,-3
472,3,5,-22,21,9,4,3,3
473,-4,-11,-23,-31,-3,-5,-3,-4
474,3,-11,-1,-6,-6,-7,-3,0
475,1,9,4,3,1,2,1,1
476,-17,-13,3,-4,-2,-3,-7,-3
477,-3,-6,10,4,-1,4,0,-2
478,5,-6,-54,-3,-2,-9,-3,-3
479,-15,-10,-1,-11,-6,-8,-3,-3
480,5,22,62,7,2,4,4,1
481,3,26,73,21,5,1,-2,-1
482,-13,-19,-3,-23,-10,0,-3,-3
483,-13,0,33,9,6,1,-1,-2
484,7,27,8,2,-2,-3,1,1
485,13,14,1,14,7,2,3,4
486,-2,-9,-9,10,2,2,-1,0
487,-1,-14,-51,-21,-7,-6,-2,-4
488,-2,-13,0,2,0,3,-5,-1
489,-8,5,-4,-11,-10,-10,-4,-3
490,-10,-15,-29,4,0,1,1,-2
491,13,-10,21,4,6,5,2,-2
492,0,14,17,4,1,1,2,2
493,-8,-46,-67,-19,-9,-8,-6,-3
494,-4,17,25,4,0,3,1,-2
495,3,-15,-6,-5,-10,-6,-4,-3
496,2,-21,-14,3,1,-3,-2,-1
497,8,33,31,3,4,6,4,3
498,0,1,0,-4,-2,2,-4,-1
499,-6,-19,12,-2,-5,-5,-4,-1
500,4,-3,1,-1,0,0,1,-2
501,-2,19,32,18,3,4,2,4
502,-11,-18,-42,-18,-7,-6,-3,-3
503,-2,2,13,8,0,1,0,-1
504,-4,16,34,16,4,0,1,-1
505,1,-14,-32,-33,-2,-4,-2,-3
506,8,19,25,1,1,7,4,4
507,-1,-4,-2,-2,-1,-4,-3,0
508,0,-5,-10,0,-6,-6,0,1
509,-4,-7,-4,19,3,2,-3,-4
510,5,7,13,-6,6,-2,0,0
511,-9,-18,-57,-17,-11,1,3,-5
512,-4,-10,-3,0,1,-3,-4,-3
513,-7,-1,-12,3,-5,-2,1,-1
514,1,12,24,30,2,1,0,-3
515,7,12,16,-23,0,0,-2,5
516,3,-3,-10,-11,-14,-8,-3,2
517,5,-4,-19,-14,-1,-9,-1,-3
518,-6,31,29,17,-5,1,2,0
519,-13,8,0,2,2,-3,-3,-1
520,-31,-17,6,2,-1,1,-3,-14
521,3,0,-4,-15,-4,-1,1,1
522,9,-7,22,5,-2,-1,1,3
523,-4,-11,-21,2,-2,-2,-2,-2
524,6,4,-10,-7,2,1,1,3
525,-3,-6,16,4,-4,-3,-4,-3
526,2,-2,0,-7,-3,-2,-4,-3
527,-2,-5,1,6,2,4,1,0
528,-20,16,12,-5,-2,-2,-1,2
529,-3,-16,-14,2,0,-1,-2,-5
530,9,13,-1,1,1,-1,-1,1
531,1,-6,36,-1,-4,-4,-2,-1
532,-6,16,-17,4,1,5,0,-3
533,4,1,5,-12,-4,-6,-2,1
534,-12,-11,-15,-7,1,1,0,-7
535,0,6,11,2,-5,-2,-1,3
536,0,-3,4,-4,-2,-7,-2,-3
537,-2,-2,1,2,-2,0,-2,-2
538,-6,-7,-20,-3,-2,-1,0,8
539,-5,-5,3,6,3,0,-1,-14
540,17,-1,-9,-6,-3,0,-2,6
541,-11,9,-7,2,-1,1,0,-4
542,9,-10,-11,-7,-3,-3,-1,1
543,-5,-4,6,1,-2,-4,-3,0
544,8,-16,-8,-4,-4,-4,-4,0
545,3,-1,17,-3,0,0,0,2
546,-2,-7,-39,-4,1,1,2,0
547,4,0,13,-11,-9,-4,-3,-4
548,1,-3,2,-6,-4,-7,-5,-1
549,-2,1,15,5,-2,-2,-3,-7
550,4,-4,-17,2,4,3,1,1
551,-14,-16,2,5,7,5,1,4
552,2,11,-8,-4,-2,1,1,-5
553,4,2,-8,-2,-6,-7,-2,6
554,-7,-14,4,-3,0,3,2,7
555,-1,1,-1,4,-1,-2,-1,-1
556,4,-2,7,-1,-3,-1,-7,-38
557,-2,1,-9,2,3,3,4,22
558,-9,-2,12,0,-2,-6,-10,-32
559,1,10,-2,-1,-2,-6,-1,6
560,-3,-9,0,1,2,1,-1,0
561,20,6,-5,1,1,3,4,14
562,-6,-8,3,-3,-1,0,-1,-15
563,20,0,-4,-1,0,3,3,17
564,4,3,-5,-3,1,-2,2,-5
565,-4,-7,-5,4,3,2,0,-3
566,-10,-16,-12,-10,-7,-4,-2,14
567,1,-26,4,4,-1,-2,-5,-7
568,-7,36,11,4,2,4,4,3
569,-1,-5,-9,-5,-4,-2,-2,-2
570,-1,-5,13,0,-3,0,-3,-4
571,11,3,0,0,-1,1,2,11
572,-8,-19,-4,-3,-4,-5,-8,-22
573,-21,-16,2,1,1,-2,-3,-21
574,21,28,8,0,0,1,2,16
575,11,13,-6,0,1,0,1,2
576,-2,-15,-6,-1,0,4,8,22
577,5,-3,-7,-4,-4,-8,-6,-10
578,-3,-13,-4,-3,-2,-5,-7,-8
579,-7,6,-5,-2,-2,2,-1,0
580,0,-11,-2,-2,0,0,-2,0
581,-11,8,2,-1,-2,-1,-3,-1
582,-17,-17,-8,-4,-3,-1,2,22
583,4,11,4,0,0,-1,3,2
584,-3,8,-4,-1,-1,-4,-6,-13
585,14,1,1,-2,-2,-1,0,12
586,-9,15,0,1,3,2,-4,-33
587,-5,-3,-5,-2,-3,-3,0,0
588,-9,-33,-3,-1,-1,-1,-1,9
589,-1,4,-3,1,1,2,-2,2
590,18,-20,3,0,-1,-4,1,5
591,-14,-10,-6,-2,1,0,-4,-20
592,12,6,-1,0,0,-2,6,26
593,-5,-13,-1,-2,-2,-2,-5,-26
594,0,7,-1,-2,-1,7,5,8
595,-11,-6,-5,-2,-1,-1,-2,-18
596,11,1,-2,-2,-3,-7,-2,28
597,3,11,-5,-2,0,5,6,8
598,2,24,3,0,-2,-10,-11,-21
599,2,-7,-1,1,0,4,5,-1
600,7,-10,-3,-2,-3,2,-1,-14
601,22,4,-3,-2,-2,-6,-2,10
602,-22,17,6,1,-1,-4,5,9
603,-4,9,0,0,-2,-4,-8,0
604,8,-1,-2,0,0,0,0,8
605,-38,-36,-4,-1,2,6,4,-6
606,7,13,-1,-1,0,1,2,-17
607,8,-3,1,0,-3,-4,-6,2
608,-3,-10,-2,-3,-2,-2,-4,2
609,1,6,0,0,1,2,4,4
610,3,-10,2,1,0,0,3,15
611,-12,1,1,-1,-1,-2,2,17
612,-20,-11,-4,-4,1,4,-2,-38
613,3,-2,0,-4,-5,-6,-5,-2
614,-10,-4,-1,0,1,2,10,4
615,3,-4,0,-1,-2,-1,-8,-5
616,-2,4,-1,2,-1,1,3,22
617,0,-5,-7,-4,-2,-10,-7,-39
618,11,7,-1,-2,-4,-5,-11,-2
619,0,-10,-1,-3,-1,-2,3,8
620,-22,-28,-2,-1,-2,-1,-5,-4
621,11,35,1,0,0,2,10,14
622,-10,6,1,-2,-1,-4,-7,-35
623,-2,8,0,3,2,4,6,8
624,16,7,-3,-2,-1,-4,-4,-7
625,-3,-10,-4,-2,-1,-4,-4,14
626,-14,-20,-3,-3,-4,1,0,9
627,4,0,1,0,-1,-1,-5,-6
628,-9,23,1,0,-1,-3,-1,-8
629,-8,-19,-5,-2,-2,1,-5,-7
630,-7,-19,-4,-2,2,12,4,14
631,2,-5,-1,0,-5,-22,-9,5
632,11,24,1,-1,0,0,6,-12
633,-10,-5,-1,-1,1,-2,-12,-14
634,-4,-24,0,1,0,-3,-4,10
635,-20,16,0,0,1,7,5,-1
636,-4,23,3,-2,-3,-12,-7,16
637,16,-12,0,-2,1,10,0,3
638,7,50,5,-1,-4,-12,6,16
639,-3,6,-3,-4,-4,-2,-16,-43
640,-8,-29,-5,0,3,5,1,-4
641,-14,19,0,0,-3,-10,-3,-1
642,-3,-21,-3,-1,-1,-5,-9,-12
643,24,-21,-2,-3,-1,6,8,1
644,-11,15,1,-1,-3,-7,-3,-3
645,0,-23,-4,-1,-1,2,0,8
646,2,-16,-7,-3,-3,-3,-5,-6
647,19,-6,0,1,1,5,9,23
648,4,-9,0,1,-2,2,1,-19
649,-9,-26,-6,-3,-1,-2,-6,-12
650,4,22,5,2,-2,-5,0,7
651,5,-26,-5,-3,-1,-1,-17,-29
652,-3,-5,0,-1,0,6,3,1
653,-9,8,-1,0,0,2,10,3
654,1,-13,-3,-3,-3,-5,-12,12
655,-8,14,1,-2,-1,3,-2,-16
656,-13,-63,-9,-1,-1,-7,-2,-29
657,21,59,7,0,-3,-5,-7,10
658,-6,-4,-4,-1,3,9,3,-10
659,-14,25,-1,-2,1,2,1,-1
660,13,9,-1,-2,-6,-7,2,4
661,-12,-18,0,0,1,7,10,28
662,3,5,2,-1,-5,-12,-7,0
663,5,-16,-4,-1,1,3,-6,-18
664,-7,17,0,0,1,10,4,22
665,-10,-13,-2,0,0,-6,-1,-12
666,-17,2,0,-3,-2,-1,-12,5
667,-14,-12,0,3,1,-12,-17,-33
668,-6,18,1,-2,0,13,14,15
669,11,30,1,-2,-2,-10,5,-4
670,-26,-15,-3,0,3,6,-3,-24
671,-4,1,-2,-1,-1,10,10,33
672,-10,-18,-5,-5,-8,-19,-12,-4
673,-1,-6,-3,-3,-2,-5,-1,4
674,21,16,1,3,7,15,21,15
675,12,-14,-5,0,1,-1,14,34
676,-8,-6,-1,1,-1,-16,-49,-49
677,1,0,1,-2,2,15,0,-30
678,5,-19,-4,-6,-6,-10,0,-13
679,12,-11,4,-1,0,3,25,26
680,26,46,4,1,7,13,14,64
681,18,-29,-6,0,-7,-32,-38,-91
682,1,-12,-4,-1,1,7,9,31
683,-14,24,5,0,1,11,9,-22
684,42,34,-2,-6,-9,-23,5,-24
685,-23,-23,0,1,1,-1,-24,2
686,9,11,-1,-1,4,40,90,61
687,-17,-32,-12,-9,-12,-53,-94,-72
688,-10,21,0,-3,2,16,18,41
689,9,-14,-6,-4,-6,-9,0,68
690,-15,-26,1,1,-2,-5,7,-54
691,-11,-16,2,2,3,15,2,20
692,-7,-5,-2,1,4,14,-13,7
693,2,7,2,2,1,7,7,5
694,12,-2,0,1,5,20,-21,61
695,11,12,2,-2,-7,-46,-23,-17
696,-29,-74,-14,-2,-6,-15,9,-15
697,-18,35,2,2,5,25,1,54
698,-40,-61,-8,-2,-8,-29,-31,-76
699,-2,42,-1,-2,-4,4,4,-11
700,13,33,7,2,6,21,23,45
701,-29,-20,-1,-5,-6,-14,6,27
702,-14,-1,-9,-11,-16,-24,-54,-17
703,-24,43,-3,1,5,32,17,16
704,0,10,10,10,6,-19,-16,-40
705,35,-19,8,6,2,3,26,20
706,11,103,-6,-21,-8,-6,-2,17
707,11,-13,-6,1,-6,-10,8,9
708,-16,-3,4,-10,-3,8,-27,-8
709,-17,4,-10,-2,4,12,-8,9
710,8,-32,12,12,5,-11,-7,-58
711,35,7,0,1,5,37,29,69
712,13,-25,-3,1,-6,-35,-18,-2
713,-5,-4,5,1,-2,-14,0,-11
714,-9,63,-7,0,5,19,-14,18
715,-6,-26,3,0,-2,6,28,-16
716,-48,-36,4,4,9,40,64,-19
717,25,-21,-13,-9,-11,-35,-50,-13
718,22,-20,-2,1,1,-8,-28,5
719,3,36,6,6,10,34,13,42
720,23,43,-7,-7,-9,-42,-15,-31
721,-5,14,-2,-3,-3,2,26,7
722,9,-17,-8,1,9,31,0,71
723,37,11,5,1,1,-12,17,21
724,9,-68,-13,-6,-7,-12,29,70
725,-4,59,15,8,12,33,-30,-44
726,44,36,15,4,2,19,46,-23
727,-16,-11,-6,-9,-13,-43,-12,24
728,12,-41,-15,-9,-5,3,39,17
729,-14,-67,-5,-1,-5,-33,-11,-27
730,-2,-13,6,0,-3,4,24,-2
731,-12,-68,-11,-6,-3,20,-22,-60
732,6,26,7,1,0,-2,-13,-23
733,5,-32,-1,0,4,25,18,-20
734,-9,25,-1,-2,-5,-23,-8,41
735,-21,8,0,-3,-4,-9,9,-100
736,42,19,2,8,13,33,-31,32
737,-7,-40,-14,-12,-18,-41,33,-83
738,-10,10,12,7,12,28,15,14
739,-11,-40,-7,-2,3,-13,-10,7
740,-15,2,4,-3,-13,-55,-48,-23
741,63,81,8,2,8,28,-53,24
742,6,-29,-8,3,3,3,106,-2
743,15,1,-4,-13,-24,-69,-5,41
744,-48,21,2,4,14,69,31,19
745,21,26,6,7,9,16,82,47
746,-18,8,-10,-12,-27,-101,-121,-82
747,13,32,5,6,11,26,-4,45
748,0,49,12,10,11,65,98,38
749,1,-8,2,-3,-10,-76,-44,95
750,-58,-86,-6,2,4,10,-23,-95
751,-28,-19,4,7,14,51,75,33
752,13,84,17,-3,-14,-70,-119,-52
753,-12,7,-23,-8,-9,-15,-11,13
754,19,-9,-1,7,9,1,-70,43
755,8,26,17,-8,-10,-59,-82,-42
756,-13,-9,-53,-26,-22,-35,-37,-29
757,-64,-35,-6,-5,-9,-13,0,-66
758,30,22,22,6,2,15,32,32
759,-5,69,2,13,6,-27,-40,23
760,9,-37,47,14,8,43,74,16
761,51,-107,-15,-15,-20,-45,-31,49
762,-37,-30,-65,-32,-25,-6,63,-52
763,-9,15,0,-13,-12,-14,-13,-7
764,-6,5,-5,3,11,24,-52,-42
765,-10,11,48,24,21,43,58,35
766,-5,87,4,-4,1,24,-78,-67
767,3,-63,-10,-10,-10,-15,-49,-52
768,14,-16,-1,-2,-8,-67,-22,-4
769,27,75,20,6,15,73,90,47
770,1,31,2,-7,-13,-18,-7,12
771,-25,-32,-15,5,25,78,72,11
772,25,-101,-17,-9,-26,-79,63,-73
773,-58,54,15,4,5,23,-14,-93
774,46,27,4,5,5,-18,-9,58
775,-4,-19,11,2,0,56,33,-6
776,2,-18,-13,-2,5,25,78,34
777,9,27,-21,-14,-11,-40,-62,-58
778,9,-74,21,10,13,57,71,18
779,-23,24,12,10,5,-27,-80,-14
780,-19,-13,-6,-4,2,32,2,-26
781,-8,-1,-13,-7,-4,5,-54,-8
782,-18,50,17,14,8,-33,-111,-48
783,43,-17,-25,-10,-7,0,28,47
784,-16,51,12,5,10,22,46,69
785,4,-3,-1,-1,8,66,18,53
786,-10,14,-2,-3,-9,-82,-33,21
787,-2,-41,-11,-6,-15,-30,-22,12
788,-41,52,5,1,3,-2,-55,-33
789,-1,34,-11,1,5,54,95,-5
790,12,15,-1,-6,-6,9,91,75
791,18,52,6,-2,-5,-13,-33,-45
792,-29,0,1,3,0,-13,-48,14
793,-1,-31,-19,1,-6,-39,-46,-4
794,-14,-28,-6,-11,-9,-15,-55,-39
795,12,92,18,-1,0,16,121,39
796,-16,-93,-6,1,8,59,-62,-57
797,-36,50,7,6,4,2,-3,3
798,15,-45,-7,-2,-2,1,43,18
799,-8,13,1,4,12,6,21,-16
800,34,10,17,3,4,17,2,27
801,-14,-28,-24,-4,-1,3,16,-17
802,-21,-61,-12,-4,-5,-23,-18,-23
803,-13,21,21,4,0,12,-41,-13
804,4,36,-23,-9,-8,-12,37,-24
805,-12,42,23,7,2,-13,-18,-42
806,3,-24,2,4,4,38,-15,46
807,-2,-25,4,-2,-5,-13,39,-5
808,8,-6,-11,-8,-3,6,-18,63
809,-16,-71,-8,-6,-13,-50,-43,-62
810,-5,11,8,8,11,38,44,41
811,-13,17,-32,-8,-16,-68,-95,-79
812,30,71,23,5,3,0,28,9
813,-6,-33,-11,-13,-7,27,32,10
814,37,2,-8,-1,-1,-5,6,54
815,7,-50,-20,-5,-5,0,5,11
816,-19,-4,-3,-5,-7,-23,-20,3
817,35,26,7,1,-3,-9,-81,-5
818,-13,38,-6,-5,-5,-14,-28,-70
819,-8,-5,-8,-4,-4,-26,-6,32
820,18,50,5,-2,-6,3,-17,7
821,21,-22,0,0,8,12,91,82
822,13,-36,9,1,-1,16,1,-15
823,-24,-30,-7,-4,-1,37,-38,-48
824,-27,1,-3,1,-3,-27,-6,-51
825,-11,24,-4,-4,-3,-16,15,23
826,4,75,9,0,3,28,66,9
827,3,14,10,5,5,15,18,21
828,29,-45,6,-1,-2,3,52,71
829,-5,8,-18,1,8,13,41,57
830,-20,-7,0,-5,-9,-19,-36,-40
831,2,12,6,-1,-3,10,13,-1
832,-27,-27,-15,-8,-10,-34,-57,-75
833,-5,-8,4,2,0,-11,-19,-35
834,-12,-10,-14,-6,-1,28,82,-31
835,-21,-16,13,7,0,-25,-3,-34
836,9,38,8,3,5,24,-11,3
837,18,25,3,-3,-3,-13,-73,4
838,-33,-85,-4,2,4,-3,5,-32
839,38,4,-25,-5,-3,17,59,99
840,17,20,-2,-1,3,12,-41,-8
841,-12,-66,0,1,0,4,4,-3
842,56,58,15,4,3,-5,2,37
843,-22,-52,0,3,4,-1,7,24
844,-24,2,-5,-3,3,19,13,-50
845,14,28,7,-4,-9,-29,-16,-17
846,5,-21,-7,-2,-4,-12,-16,4
847,-8,-13,-4,-2,2,6,-6,-11
848,-4,-19,-2,2,2,0,39,10
849,16,20,1,2,-1,-4,-54,-34
850,-19,-42,-5,-2,-1,-3,-6,-25
851,-4,58,10,1,4,6,-13,22
852,-10,-23,-3,-3,-4,-8,16,1
853,-2,-9,-4,-2,1,14,26,-4
854,-46,5,-4,-4,-3,1,-30,27
855,-2,3,-2,-2,-2,-6,-49,-79
856,11,-30,-3,-4,-3,-9,-9,46
857,-19,-19,-5,-4,-2,0,14,-2
858,5,13,0,-1,1,0,-9,-15
859,17,-16,-2,0,2,4,11,12
860,11,-8,-6,-1,-2,-16,-16,40
861,-12,-3,4,2,0,5,-1,-19
862,11,-17,-7,-1,0,0,12,17
863,-12,77,7,2,3,11,31,11
864,0,-17,-3,0,0,-3,-8,14
865,13,32,5,0,0,1,9,10
866,-2,48,0,-2,-2,-9,-10,-2
867,-7,-33,-1,-3,-1,-6,-12,-22
868,-21,-23,-6,-2,0,-2,-14,-7
869,-18,66,10,3,1,3,-35,-4
870,0,-14,-1,-1,0,0,-8,-7
871,10,-16,-1,-3,-4,-5,2,-13
872,4,14,2,2,-1,1,-1,-12
873,23,-100,-13,-5,-4,0,30,37
874,61,11,-2,-1,0,-1,1,9
875,-1,21,2,-1,1,4,-9,26
876,37,63,8,2,1,3,7,9
877,5,-19,1,0,0,0,15,-1
878,-21,-10,-2,-1,-2,-5,-14,-5
879,0,-17,-1,3,1,-5,-15,-5
880,3,-50,-12,-3,-2,-1,3,-12
881,-12,-5,-5,-3,-2,5,5,-9
882,13,1,2,0,0,-4,-11,2
883,2,-51,-6,-4,-6,-9,-17,-28
884,-21,-3,-11,-3,-3,-2,-10,-5
885,-18,-15,1,-4,0,-1,-2,-9
886,-4,-18,1,-1,-1,-1,23,10
887,-30,-78,-11,-6,-6,-5,-29,-14
888,-2,11,0,-3,-4,-4,-2,-6
889,-3,20,-5,-2,-2,0,1,-8
890,5,-6,-8,-1,-2,-3,-7,3
891,-13,22,1,-3,-3,-2,20,6
892,5,37,10,2,2,2,-6,-2
893,2,-16,-5,-2,-1,-1,-1,2
894,21,91,18,4,1,3,2,13
895,10,-19,-6,-1,-1,2,7,8
896,-2,-22,-6,-1,0,0,-7,-10
897,14,-9,9,0,0,-4,0,-3
898,-5,-22,-9,-3,-4,-2,-2,-2
899,18,8,14,3,4,4,10,8
900,0,-2,-8,3,2,1,-1,2
901,-14,-52,-1,-2,-3,-3,-1,2
902,-25,-24,-34,-7,-3,-4,-11,-14
903,23,14,16,-2,-2,-4,3,5
904,-32,24,-20,-2,0,0,-1,-6
905,13,42,-10,0,0,-2,-1,-4
906,-1,-53,24,8,2,2,-2,1
907,5,-41,-20,-3,-1,1,4,3
908,-19,-10,18,-4,-6,-5,-4,-7
909,-1,23,7,0,-1,-2,-2,-10
910,-30,-65,-12,-4,-3,-5,-6,-3
911,-11,60,3,2,0,1,3,0
912,-6,-79,-3,-2,-3,-3,-7,-6
913,-8,-26,-1,-1,-1,-1,-1,-2
914,-5,12,-13,-7,-3,-1,-1,-5
915,-17,9,12,3,2,0,4,5
916,-6,30,-27,-7,-4,-1,-7,-2
917,0,20,15,0,0,-1,-1,0
918,-1,9,-13,-6,-3,-4,-2,-2
919,-1,5,-1,-1,-2,-1,-3,-2
920,15,25,14,1,1,0,1,2
921,2,-3,4,1,0,-2,-1,-2
922,-10,25,-7,-2,-2,0,-3,-1
923,17,10,-1,0,0,0,-1,-3
924,6,-11,17,-2,-3,-4,-2,-1
925,-2,-2,-20,-3,-1,0,-2,-4
926,0,1,15,0,-1,-1,0,-2
927,1,-37,8,2,0,-1,0,-1
928,6,2,-30,-6,-1,0,-2,-1
929,-1,-6,-1,-3,-2,1,-1,-1
930,-6,-3,-2,0,-1,0,3,4
931,17,15,14,1,-2,-1,0,1
932,-1,-28,-3,1,-1,-3,-2,-3
933,3,17,-2,1,0,1,-1,1
934,3,10,27,3,0,-4,-3,-3
935,-2,-28,-38,-14,-9,-6,-5,-3
936,3,1,-14,-3,-1,1,1,1
937,-1,1,2,-2,-1,-3,0,-2
938,3,17,-7,3,2,3,3,1
939,2,26,10,0,-1,-1,0,-1
940,-3,-23,10,-1,-3,-3,-1,1
941,-1,14,6,5,2,0,-2,-2
942,4,5,-6,2,1,2,0,-1
943,-11,11,-5,-2,1,0,1,0
944,-1,2,6,1,-1,-1,0,5
945,0,4,-1,-3,-2,-2,-1,-12
946,-5,-16,-4,-2,-2,-1,-1,0
947,-7,1,-21,-2,-2,-1,0,-1
948,19,53,12,0,0,-1,1,5
949,-3,0,10,2,1,1,1,0
950,-21,61,18,2,2,2,1,2
951,-5,-2,8,2,-1,-1,-1,-2
952,0,-11,-5,-2,-1,-2,-1,-1
953,-4,-8,-11,-2,-3,-1,0,0
954,7,-8,-16,-5,-3,-2,-1,-1
955,-13,-21,20,-1,-3,-5,-3,-3
956,-19,13,15,2,2,2,2,0
957,1,11,-7,-2,0,1,0,0
958,7,-18,-3,-1,0,-1,-2,-1
959,0,6,11,2,1,1,1,2
960,-1,-21,-31,-9,-4,-2,-4,-5
961,-3,-12,-1,-2,-1,-4,-1,1
962,-5,-16,-5,-3,-3,-3,-3,-1
963,8,10,-11,-2,0,-1,0,-1
964,3,10,8,1,-2,-2,-2,-2
965,2,-7,4,-3,-2,0,1,2
966,-4,-10,4,4,1,1,-3,-2
967,-3,-5,-9,2,-1,-1,-1,-4
968,-11,-20,-8,2,0,0,-1,-4
969,8,-7,1,-1,-3,-3,-3,1
970,9,-9,16,-4,-1,-2,0,-2
971,-8,-6,-21,-12,-3,-3,-2,1
972,3,-5,26,3,0,-1,-3,-5
973,17,15,17,5,0,-1,-1,2
974,9,25,-28,-7,-3,0,1,3
975,12,-2,1,-2,0,-1,-2,-8
976,-8,0,18,4,2,-1,1,-3
977,2,22,10,-5,-2,-3,-3,-1
978,9,14,27,8,3,2,2,2
979,-6,2,-1,1,-1,0,1,1
980,-6,-26,-24,-3,-2,-2,-2,-4
981,-5,-10,-3,-1,-1,1,-1,-2
982,-4,-19,1,-2,-2,-1,-3,-3
983,-8,5,-8,0,0,2,0,-1
984,4,5,22,3,1,0,-1,-2
985,-16,-17,-21,-6,-4,-2,-1,0
986,11,-5,-24,-3,0,-2,-3,-2
987,-1,6,0,-4,-1,-2,-1,0
988,-2,25,3,1,-1,2,1,1
989,4,-2,5,2,3,-1,0,-4
990,-3,-3,4,-1,-3,-3,-1,-1
991,-5,5,-15,-6,-3,-1,-2,-1
992,15,-8,4,0,-2,-3,-2,2
993,-31,35,-17,-2,-2,0,0,1
994,-10,-13,-1,-4,-4,0,-3,-9
995,1,3,-7,3,0,2,0,2
996,4,-8,3,-3,-2,-3,-1,-2
997,-6,-15,-4,0,-2,-1,-2,-3
998,0,-11,-10,-1,-1,-1,0,-1
999,-17,-12,-1,-2,-3,-3,-2,-4
1000,15,36,-4,-2,0,-1,2,3
1001,2,-33,5,1,0,0,-2,-2
1002,-5,10,5,-2,-2,-1,-1,0
1003,3,-23,-10,-1,0,-3,-1,-3
1004,-9,-13,-4,-3,-3,0,-1,-3
1005,7,8,3,0,1,-3,-2,1
1006,-2,3,-1,-1,-1,0,-2,-1
1007,3,5,4,0,-1,0,0,0
1008,-5,7,-3,-1,-3,0,-1,-3
1009,2,3,8,-1,-1,1,0,3
1010,-10,-14,-28,-3,-1,-4,-3,-4
1011,-1,-6,15,-2,-2,-4,-2,-2
1012,-8,-1,-6,0,0,-1,-1,3
1013,24,-5,-12,-7,-3,-3,-5,-10
1014,-5,-5,-6,-1,-1,0,0,2
1015,4,0,14,2,-1,-1,-1,-2
1016,7,4,-3,-4,-2,-1,-1,0
1017,3,3,-16,0,-1,0,-1,2
1018,-2,1,3,-8,-4,-6,-4,-1
1019,6,6,3,4,0,2,0,0
1020,2,-15,-16,-4,-3,-3,0,0
1021,-14,2,-1,-3,-2,-1,0,-1
1022,3,2,4,2,0,1,-2,0
1023,-6,11,7,2,0,0,0,0
1024,-8,-4,-19,-5,-1,-1,0,-4
1025,-1,-8,-10,-9,-3,-2,0,-2
1026,-2,-8,-3,3,2,1,0,0
1027,0,5,2,3,0,-2,-2,-2
1028,-7,11,17,6,2,0,-1,0
1029,-5,-2,-20,-7,-5,-2,-2,-3
1030,0,-19,-4,-8,-5,-2,-2,-2
1031,-1,22,10,1,0,0,-1,4
1032,2,-4,0,1,2,3,0,-1
1033,-6,-6,19,3,-2,-4,-3,-2
1034,-5,-1,-24,-3,-1,-1,1,2
